plate,well,R1tag,R2tag,sample
1,A1,CCGAAT,CTAACG,EY-PER-13/0285
1,B1,TTAGGCA,CTAACG,EY-PER-13/0287
1,C1,AACTCGTC,CTAACG,EY-PER-13/0022
1,D1,GGTCTACGT,CTAACG,EY-PER-13/0004
1,E1,GATACC,CTAACG,DUR043
1,F1,AGCGTTG,CTAACG,EY-PER-13/0011
1,G1,CTGCAACT,CTAACG,DUR-13-0137
1,H1,TCATGGTCA,CTAACG,EY-PER-13/0002
1,A2,CCGAAT,TCGGTAC,DUR-13-0145
1,B2,TTAGGCA,TCGGTAC,EY-PER-13/0044
1,C2,AACTCGTC,TCGGTAC,DUR041
1,D2,GGTCTACGT,TCGGTAC,DUR-13-0161
1,E2,GATACC,TCGGTAC,DUR-13-0158
1,F2,AGCGTTG,TCGGTAC,DUR-13-0039
1,G2,CTGCAACT,TCGGTAC,DUR-13-0117
1,H2,TCATGGTCA,TCGGTAC,DUR-13-0148
1,A3,CCGAAT,GATCGTTG,DUR301
1,B3,TTAGGCA,GATCGTTG,EY-PER-13/0026
1,C3,AACTCGTC,GATCGTTG,DUR-13-0083
1,D3,GGTCTACGT,GATCGTTG,DUR-13-0163
1,E3,GATACC,GATCGTTG,DUR-13-0082
1,F3,AGCGTTG,GATCGTTG,DUR-13-0036
1,G3,CTGCAACT,GATCGTTG,DUR-13-0166
1,H3,TCATGGTCA,GATCGTTG,DUR014B
1,A4,CCGAAT,AGCTACACT,DUR-13-0147
1,B4,TTAGGCA,AGCTACACT,DUR-13-0038
1,C4,AACTCGTC,AGCTACACT,DUR-13-0134
1,D4,GGTCTACGT,AGCTACACT,DUR-13-0149
1,E4,GATACC,AGCTACACT,DUR-13-0037
1,F4,AGCGTTG,AGCTACACT,DUR-13-0167
1,G4,CTGCAACT,AGCTACACT,DG-13-0038_B
1,H4,TCATGGTCA,AGCTACACT,DUR-13-0155
1,A5,CCGAAT,ACGCAT,DUR-13-0054
1,B5,TTAGGCA,ACGCAT,DUR-13-0040
1,C5,AACTCGTC,ACGCAT,DUR-13-0133
1,D5,GGTCTACGT,ACGCAT,DUR014A
1,E5,GATACC,ACGCAT,DUR012A
1,F5,AGCGTTG,ACGCAT,DUR-13-0045
1,G5,CTGCAACT,ACGCAT,DUR-13-0080
1,H5,TCATGGTCA,ACGCAT,DUR101
1,A6,CCGAAT,GTATGCA,DUR-13-0154
1,B6,TTAGGCA,GTATGCA,DUR-13-0008
1,C6,AACTCGTC,GTATGCA,DUR-13-0052
1,D6,GGTCTACGT,GTATGCA,DG-13-0032_B
1,E6,GATACC,GTATGCA,DG-13-0048_A
1,F6,AGCGTTG,GTATGCA,DUR-13-0132
1,G6,CTGCAACT,GTATGCA,DG-13-0038_A
1,H6,TCATGGTCA,GTATGCA,DG-13-0031_A
1,A7,CCGAAT,CACATGTC,DG-13-0001_D
1,B7,TTAGGCA,CACATGTC,DUR-13-0012
1,C7,AACTCGTC,CACATGTC,DUR-13-0010
1,D7,GGTCTACGT,CACATGTC,DUR-13-0130
1,E7,GATACC,CACATGTC,DUR001A
1,F7,AGCGTTG,CACATGTC,DG-13-0001_B
1,G7,CTGCAACT,CACATGTC,DG-13-0001_C
1,H7,TCATGGTCA,CACATGTC,DUR104A
1,A8,CCGAAT,TGTGCACGA,EY-PER-13/0563
1,B8,TTAGGCA,TGTGCACGA,DUR042
1,C8,AACTCGTC,TGTGCACGA,DUR103
1,D8,GGTCTACGT,TGTGCACGA,EY-PER-13/0133
1,E8,GATACC,TGTGCACGA,DUR304
1,F8,AGCGTTG,TGTGCACGA,DUR006
1,G8,CTGCAACT,TGTGCACGA,DUR121A
1,H8,TCATGGTCA,TGTGCACGA,EY-PER-13/0008
1,A9,CCGAAT,GCATCA,EY-PER-13/0056
1,B9,TTAGGCA,GCATCA,EY-PER-13/0091
1,C9,AACTCGTC,GCATCA,DUR002
1,D9,GGTCTACGT,GCATCA,DUR-NI2_A
1,E9,GATACC,GCATCA,EY-PER-13/0019
1,F9,AGCGTTG,GCATCA,DUR015A
1,G9,CTGCAACT,GCATCA,EY-PER-13/0065
1,H9,TCATGGTCA,GCATCA,DUR-13-0043
1,A10,CCGAAT,ATGCTGT,EY-PER-13/0606
1,B10,TTAGGCA,ATGCTGT,DUR113A
1,C10,AACTCGTC,ATGCTGT,EY-PER-13/0005
1,D10,GGTCTACGT,ATGCTGT,COR001
1,E10,GATACC,ATGCTGT,DUR013B
1,F10,AGCGTTG,ATGCTGT,DUR021
1,G10,CTGCAACT,ATGCTGT,DUR-13-0019
1,H10,TCATGGTCA,ATGCTGT,DUR121B
1,A11,CCGAAT,CATGACCT,DUR005
1,B11,TTAGGCA,CATGACCT,DUR004
1,C11,AACTCGTC,CATGACCT,COR005
1,D11,GGTCTACGT,CATGACCT,DUR-13-0129
1,E11,GATACC,CATGACCT,DUR302A
1,F11,AGCGTTG,CATGACCT,DUR303A
1,G11,CTGCAACT,CATGACCT,DUR303B
1,H11,TCATGGTCA,CATGACCT,DUR-13-0035
1,A12,CCGAAT,TGCAGTGAG,COR023
1,B12,TTAGGCA,TGCAGTGAG,DUR-13-0157
1,C12,AACTCGTC,TGCAGTGAG,DUR-13-0123
1,D12,GGTCTACGT,TGCAGTGAG,DUR014A
1,E12,GATACC,TGCAGTGAG,DUR104B
1,F12,AGCGTTG,TGCAGTGAG,DUR302B
1,G12,CTGCAACT,TGCAGTGAG,EY-PER-13/0758
1,H12,TCATGGTCA,TGCAGTGAG,DUR113
2,A1,CCGAAT,CTAACG,DUR-13-0164
2,B1,TTAGGCA,CTAACG,DUR301C
2,C1,AACTCGTC,CTAACG,DUR301A
2,D1,GGTCTACGT,CTAACG,Sira
2,E1,GATACC,CTAACG,DUR015A
2,F1,AGCGTTG,CTAACG,COR013
2,G1,CTGCAACT,CTAACG,DUR105
2,H1,TCATGGTCA,CTAACG,COR016
2,A2,CCGAAT,TCGGTAC,EY-PER-13/0565
2,B2,TTAGGCA,TCGGTAC,DUR303
2,C2,AACTCGTC,TCGGTAC,DUR302
2,D2,GGTCTACGT,TCGGTAC,DUR106
2,E2,GATACC,TCGGTAC,DUR013A
2,F2,AGCGTTG,TCGGTAC,EY-PER-13/0761
2,G2,CTGCAACT,TCGGTAC,DUR-13-0124
2,H2,TCATGGTCA,TCGGTAC,COR057
2,A3,CCGAAT,GATCGTTG,COR009
2,B3,TTAGGCA,GATCGTTG,COR014
2,C3,AACTCGTC,GATCGTTG,DUR108
2,D3,GGTCTACGT,GATCGTTG,COR054
2,E3,GATACC,GATCGTTG,DUR007
2,F3,AGCGTTG,GATCGTTG,COR006
2,G3,CTGCAACT,GATCGTTG,COR004
2,H3,TCATGGTCA,GATCGTTG,COR056
2,A4,CCGAAT,AGCTACACT,EY-PER-13/0545
2,B4,TTAGGCA,AGCTACACT,COR012
2,C4,AACTCGTC,AGCTACACT,COR019
2,D4,GGTCTACGT,AGCTACACT,DUR106
2,E4,GATACC,AGCTACACT,COR055
2,F4,AGCGTTG,AGCTACACT,COR008
2,G4,CTGCAACT,AGCTACACT,DUR012C
2,H4,TCATGGTCA,AGCTACACT,COR020
2,A5,CCGAAT,ACGCAT,COR017
2,B5,TTAGGCA,ACGCAT,COR007
2,C5,AACTCGTC,ACGCAT,COR052
2,D5,GGTCTACGT,ACGCAT,COR002
2,E5,GATACC,ACGCAT,EY-PER-13/0762
2,F5,AGCGTTG,ACGCAT,DUR005
2,G5,CTGCAACT,ACGCAT,COR003
2,H5,TCATGGTCA,ACGCAT,EY-PER-13/0643
2,A6,CCGAAT,GTATGCA,DUR004
2,B6,TTAGGCA,GTATGCA,COR011
2,C6,AACTCGTC,GTATGCA,DUR111
2,D6,GGTCTACGT,GTATGCA,EY-PER-13/0600
2,E6,GATACC,GTATGCA,COR025
2,F6,AGCGTTG,GTATGCA,EY-PER-13/0601
2,G6,CTGCAACT,GTATGCA,DUR107
2,H6,TCATGGTCA,GTATGCA,DUR108A
2,A7,CCGAAT,CACATGTC,EY-PER-13/0546
2,B7,TTAGGCA,CACATGTC,DUR-13-0144
2,C7,AACTCGTC,CACATGTC,DUR-13-0009
2,D7,GGTCTACGT,CACATGTC,DUR-13-0078
2,E7,GATACC,CACATGTC,EY-PER-13/0524
2,F7,AGCGTTG,CACATGTC,DUR011A
2,G7,CTGCAACT,CACATGTC,COR010
2,H7,TCATGGTCA,CACATGTC,DUR-13-0071
2,A8,CCGAAT,TGTGCACGA,DUR102A
2,B8,TTAGGCA,TGTGCACGA,EY-PER-13/0640
2,C8,AACTCGTC,TGTGCACGA,EY-PER-13/0525
2,D8,GGTCTACGT,TGTGCACGA,DUR112
2,E8,GATACC,TGTGCACGA,EY-PER-13/0598
2,F8,AGCGTTG,TGTGCACGA,DG-13-0032_A
2,G8,CTGCAACT,TGTGCACGA,DG-13-0002_A
2,H8,TCATGGTCA,TGTGCACGA,COR101
2,A9,CCGAAT,GCATCA,COR053
2,B9,TTAGGCA,GCATCA,EY-PER-13/0267
2,C9,AACTCGTC,GCATCA,DG-13-0001_A
2,D9,GGTCTACGT,GCATCA,DUR-13-0136
2,E9,GATACC,GCATCA,EY-PER-13/0292
2,F9,AGCGTTG,GCATCA,DUR102B
2,G9,CTGCAACT,GCATCA,DUR013A
2,H9,TCATGGTCA,GCATCA,EY-PER-13/0614
2,A10,CCGAAT,ATGCTGT,DUR104
2,B10,TTAGGCA,ATGCTGT,DUR-13-0118
2,C10,AACTCGTC,ATGCTGT,DUR-13-0160
2,D10,GGTCTACGT,ATGCTGT,EY-PER-13/0271
2,E10,GATACC,ATGCTGT,EY-PER-13/0274
2,F10,AGCGTTG,ATGCTGT,DUR-13-0007
2,G10,CTGCAACT,ATGCTGT,DUR-13-0056
2,H10,TCATGGTCA,ATGCTGT,EY-PER-13/0138
2,A11,CCGAAT,CATGACCT,DUR041
2,B11,TTAGGCA,CATGACCT,DUR012C
2,C11,AACTCGTC,CATGACCT,DUR001
2,D11,GGTCTACGT,CATGACCT,DUR-13-0030
2,E11,GATACC,CATGACCT,DUR003
2,F11,AGCGTTG,CATGACCT,DUR101
2,G11,CTGCAACT,CATGACCT,DUR103
2,H11,TCATGGTCA,CATGACCT,DUR-13-0044
2,A12,CCGAAT,TGCAGTGAG,DUR042
2,B12,TTAGGCA,TGCAGTGAG,DUR102
2,C12,AACTCGTC,TGCAGTGAG,DUR007
2,D12,GGTCTACGT,TGCAGTGAG,DUR015B
2,E12,GATACC,TGCAGTGAG,DUR107B
2,F12,AGCGTTG,TGCAGTGAG,DUR043
2,G12,CTGCAACT,TGCAGTGAG,DUR304
2,H12,TCATGGTCA,TGCAGTGAG,DUR-NI2_B
3,A1,CCGAAT,CTAACG,DUR107A
3,B1,TTAGGCA,CTAACG,DUR-13-0079
3,C1,AACTCGTC,CTAACG,DUR121
3,D1,GGTCTACGT,CTAACG,COR051
3,E1,GATACC,CTAACG,DUR105
3,F1,AGCGTTG,CTAACG,DUR108B
3,G1,CTGCAACT,CTAACG,DUR111A
3,H1,TCATGGTCA,CTAACG,DUR112
4,A1,CCGAAT,CTAACG,CM.NMW.D161.pre.1
4,B1,TTAGGCA,CTAACG,CM.NMW.D161.pre.2
4,C1,AACTCGTC,CTAACG,CM.NMW.D8.pre.6
4,D1,GGTCTACGT,CTAACG,CM.SMW.975.pre.2
4,E1,GATACC,CTAACG,CM.NMW.D8.pre.8
4,F1,AGCGTTG,CTAACG,CM.NMW.D8.pre.2
4,G1,CTGCAACT,CTAACG,CN.SMW.842.pre.2
4,H1,TCATGGTCA,CTAACG,CM.SMW.806.pre.7
4,A2,CCGAAT,TCGGTAC,CN.SMW.842.pre.1
4,B2,TTAGGCA,TCGGTAC,CM.SMW.862.pre.1
4,C2,AACTCGTC,TCGGTAC,CM.SMW.806.pre.2
4,D2,GGTCTACGT,TCGGTAC,CM.NMW.D8.pre.1
4,E2,GATACC,TCGGTAC,CM.NMW.D18.pre.8
4,F2,AGCGTTG,TCGGTAC,CN.NMW.D17.pre.2
4,G2,CTGCAACT,TCGGTAC,CM.NMW.D163.pre.7
4,H2,TCATGGTCA,TCGGTAC,CM.NMW.D18.pre.7
4,A3,CCGAAT,GATCGTTG,CM.SMW.806.pre.6
4,B3,TTAGGCA,GATCGTTG,CM.NMW.D161.pre.7
4,C3,AACTCGTC,GATCGTTG,CM.SMW.862.pre.2
4,D3,GGTCTACGT,GATCGTTG,CM.NMW.D8.pre.5
4,E3,GATACC,GATCGTTG,CM.NMW.D8.pre.7
4,F3,AGCGTTG,GATCGTTG,CM.NMW.D8.pre.3
4,G3,CTGCAACT,GATCGTTG,CN.NMW.D159.pre.2
4,H3,TCATGGTCA,GATCGTTG,CM.NMW.D163.pre.8
4,A4,CCGAAT,AGCTACACT,CN.NMW.D159.pre.1
4,B4,TTAGGCA,AGCTACACT,CM.SMW.975.pre.6
4,C4,AACTCGTC,AGCTACACT,CN.NMW.D23.pre.2
4,D4,GGTCTACGT,AGCTACACT,CM.SMW.975.pre.8
4,E4,GATACC,AGCTACACT,CM.SMW.862.pre.7
4,F4,AGCGTTG,AGCTACACT,CN.SMW.840.post.1
4,G4,CTGCAACT,AGCTACACT,CN.NMW.D17.pre.1
4,H4,TCATGGTCA,AGCTACACT,CM.NMW.D8.pre.4
4,A5,CCGAAT,ACGCAT,CM.NMW.D32.pre.5
4,B5,TTAGGCA,ACGCAT,CM.SMW.805.pre.7
4,C5,AACTCGTC,ACGCAT,CM.NMW.D163.pre.5
4,D5,GGTCTACGT,ACGCAT,CM.SMW.862.pre.4
4,E5,GATACC,ACGCAT,TP.SMW.946.pre.4
4,F5,AGCGTTG,ACGCAT,CM.SMW.839.pre.6
4,G5,CTGCAACT,ACGCAT,CM.SMW.862.pre.6
4,H5,TCATGGTCA,ACGCAT,CM.SMW.806.pre.4
4,A6,CCGAAT,GTATGCA,CN.NMW.D159.post.4
4,B6,TTAGGCA,GTATGCA,CM.NMW.D32.pre.7
4,C6,AACTCGTC,GTATGCA,CS.CMW.1557.pre.4
4,D6,GGTCTACGT,GTATGCA,CM.SMW.862.post.6
4,E6,GATACC,GTATGCA,CM.NMW.D161.pre.6
4,F6,AGCGTTG,GTATGCA,CM.SMW.806.pre.5
4,G6,CTGCAACT,GTATGCA,CM.SMW.975.pre.4
4,H6,TCATGGTCA,GTATGCA,CM.SMW.975.pre.1
4,A7,CCGAAT,CACATGTC,CM.NMW.D18.pre.1
4,B7,TTAGGCA,CACATGTC,CM.SMW.839.pre.7
4,C7,AACTCGTC,CACATGTC,CM.SMW.839.pre.2
4,D7,GGTCTACGT,CACATGTC,CM.NMW.D161.pre.4
4,E7,GATACC,CACATGTC,CM.SMW.862.pre.5
4,F7,AGCGTTG,CACATGTC,CM.SMW.975.pre.5
4,G7,CTGCAACT,CACATGTC,CM.SMW.975.post.5
4,H7,TCATGGTCA,CACATGTC,CN.NMW.D17.pre.4
4,A8,CCGAAT,TGTGCACGA,CM.NMW.D161.pre.3
4,B8,TTAGGCA,TGTGCACGA,CN.SMW.840.pre.1
4,C8,AACTCGTC,TGTGCACGA,CM.NMW.D163.pre.1
4,D8,GGTCTACGT,TGTGCACGA,CM.NMW.D161.pre.8
4,E8,GATACC,TGTGCACGA,CM.NMW.D163.pre.2
4,F8,AGCGTTG,TGTGCACGA,CM.NMW.D32.pre.2
4,G8,CTGCAACT,TGTGCACGA,CM.SMW.975.post.7
4,H8,TCATGGTCA,TGTGCACGA,CM.NMW.D18.pre.6
4,A9,CCGAAT,GCATCA,CM.NMW.D163.post.7
4,B9,TTAGGCA,GCATCA,CM.SMW.839.pre.8
4,C9,AACTCGTC,GCATCA,CN.SMW.842.pre.4
4,D9,GGTCTACGT,GCATCA,CM.SMW.839.pre.5
4,E9,GATACC,GCATCA,CN.NMW.D159.pre.4
4,F9,AGCGTTG,GCATCA,CM.SMW.975.post.8
4,G9,CTGCAACT,GCATCA,CM.NMW.D32.pre.1
4,H9,TCATGGTCA,GCATCA,CS.CMW.1557.pre.1
4,A10,CCGAAT,ATGCTGT,CM.SMW.806.pre.8
4,B10,TTAGGCA,ATGCTGT,CN.NMW.D23.pre.1
4,C10,AACTCGTC,ATGCTGT,CN.SMW.921.pre.4
4,D10,GGTCTACGT,ATGCTGT,TP.SMW.946.pre.7
4,E10,GATACC,ATGCTGT,CM.NMW.D163.pre.4
4,F10,AGCGTTG,ATGCTGT,CM.SMW.839.pre.1
4,G10,CTGCAACT,ATGCTGT,CS.CMW.1560.pre.1
4,H10,TCATGGTCA,ATGCTGT,CN.NMW.D159.post.2
4,A11,CCGAAT,CATGACCT,CM.SMW.975.post.1
4,B11,TTAGGCA,CATGACCT,CM.SMW.975.post.2
4,C11,AACTCGTC,CATGACCT,CM.NMW.D161.pre.5
4,D11,GGTCTACGT,CATGACCT,CM.SMW.806.pre.3
4,E11,GATACC,CATGACCT,CM.NMW.D163.pre.3
4,F11,AGCGTTG,CATGACCT,CS.CMW.1557.pre.2
4,G11,CTGCAACT,CATGACCT,CM.SMW.975.pre.7
4,H11,TCATGGTCA,CATGACCT,TP.SMW.946.pre.5
4,A12,CCGAAT,TGCAGTGAG,CM.SMW.862.pre.3
4,B12,TTAGGCA,TGCAGTGAG,CM.NMW.D163.pre.6
4,C12,AACTCGTC,TGCAGTGAG,CN.NMW.D131.pre.2
4,D12,GGTCTACGT,TGCAGTGAG,CM.NMW.D32.pre.8
4,E12,GATACC,TGCAGTGAG,TP.SMW.912.pre.1
4,F12,AGCGTTG,TGCAGTGAG,CM.SMW.839.post.6
4,G12,CTGCAACT,TGCAGTGAG,CM.SMW.975.post.3
4,H12,TCATGGTCA,TGCAGTGAG,CM.SMW.975.post.6
5,A1,CCGAAT,CTAACG,CM.SMW.862.pre.8
5,B1,TTAGGCA,CTAACG,CS.CMW.1549.post.2
5,C1,AACTCGTC,CTAACG,CN.SMW.842.pre.3
5,D1,GGTCTACGT,CTAACG,CM.SMW.805.pre.1
5,E1,GATACC,CTAACG,CN.NMW.D7.pre.1
5,F1,AGCGTTG,CTAACG,CM.NMW.D163.post.8
5,G1,CTGCAACT,CTAACG,CM.SMW.839.post.8
5,H1,TCATGGTCA,CTAACG,CS.SMW.967.pre.4
5,A2,CCGAAT,TCGGTAC,CM.SMW.806.post.7
5,B2,TTAGGCA,TCGGTAC,CM.NMW.D32.pre.6
5,C2,AACTCGTC,TCGGTAC,CM.SMW.806.pre.1
5,D2,GGTCTACGT,TCGGTAC,CM.NMW.D8.post.6
5,E2,GATACC,TCGGTAC,CS.SMW.897.pre.1
5,F2,AGCGTTG,TCGGTAC,CN.SMW.921.pre.1
5,G2,CTGCAACT,TCGGTAC,CS.CMW.1554.pre.1
5,H2,TCATGGTCA,TCGGTAC,CN.NMW.D159.post.1
5,A3,CCGAAT,GATCGTTG,CM.NMW.D18.post.7
5,B3,TTAGGCA,GATCGTTG,CM.NMW.D161.post.1
5,C3,AACTCGTC,GATCGTTG,CM.SMW.862.post.4
5,D3,GGTCTACGT,GATCGTTG,CN.SMW.840.pre.3
5,E3,GATACC,GATCGTTG,CN.NMW.D17.pre.3
5,F3,AGCGTTG,GATCGTTG,CN.SMW.840.pre.2
5,G3,CTGCAACT,GATCGTTG,CM.SMW.862.post.7
5,H3,TCATGGTCA,GATCGTTG,CM.SMW.839.pre.3
5,A4,CCGAAT,AGCTACACT,CM.SMW.806.post.5
5,B4,TTAGGCA,AGCTACACT,CN.NMW.D159.pre.3
5,C4,AACTCGTC,AGCTACACT,CM.SMW.805.post.4
5,D4,GGTCTACGT,AGCTACACT,CM.NMW.D8.post.4
5,E4,GATACC,AGCTACACT,CM.SMW.862.post.8
5,F4,AGCGTTG,AGCTACACT,CN.NMW.D7.pre.2
5,G4,CTGCAACT,AGCTACACT,CM.NMW.D18.pre.3
5,H4,TCATGGTCA,AGCTACACT,CN.NMW.D159.post.3
5,A5,CCGAAT,ACGCAT,CM.NMW.D32.pre.3
5,B5,TTAGGCA,ACGCAT,CN.NMW.D131.pre.1
5,C5,AACTCGTC,ACGCAT,CM.SMW.806.post.8
5,D5,GGTCTACGT,ACGCAT,CS.SMW.967.pre.2
5,E5,GATACC,ACGCAT,CM.SMW.975.post.4
5,F5,AGCGTTG,ACGCAT,CM.NMW.D18.pre.5
5,G5,CTGCAACT,ACGCAT,CN.NMW.D7.pre.4
5,H5,TCATGGTCA,ACGCAT,CM.SMW.839.pre.4
5,A6,CCGAAT,GTATGCA,CM.NMW.D161.post.5
5,B6,TTAGGCA,GTATGCA,CM.SMW.862.post.2
5,C6,AACTCGTC,GTATGCA,CM.NMW.D161.post.7
5,D6,GGTCTACGT,GTATGCA,CM.NMW.D163.post.2
5,E6,GATACC,GTATGCA,CS.CMW.1565.pre.3
5,F6,AGCGTTG,GTATGCA,CM.NMW.D161.post.4
5,G6,CTGCAACT,GTATGCA,CM.NMW.D163.post.6
5,H6,TCATGGTCA,GTATGCA,CN.NMW.D23.pre.3
5,A7,CCGAAT,CACATGTC,CS.CMW.1565.pre.1
5,B7,TTAGGCA,CACATGTC,CM.SMW.805.post.7
5,C7,AACTCGTC,CACATGTC,CM.NMW.D163.post.1
5,D7,GGTCTACGT,CACATGTC,CS.SMW.967.pre.3
5,E7,GATACC,CACATGTC,CM.SMW.862.post.5
5,F7,AGCGTTG,CACATGTC,CS.CMW.1554.post.2
5,G7,CTGCAACT,CACATGTC,CM.SMW.805.post.6
5,H7,TCATGGTCA,CACATGTC,CS.SMW.844.pre.2
5,A8,CCGAAT,TGTGCACGA,CM.NMW.D8.post.7
5,B8,TTAGGCA,TGTGCACGA,CS.CMW.1549.pre.2
5,C8,AACTCGTC,TGTGCACGA,CM.SMW.839.post.2
5,D8,GGTCTACGT,TGTGCACGA,CM.SMW.806.post.6
5,E8,GATACC,TGTGCACGA,TP.CMW.1564.pre.5
5,F8,AGCGTTG,TGTGCACGA,CM.SMW.862.post.3
5,G8,CTGCAACT,TGTGCACGA,CM.NMW.D18.pre.4
5,H8,TCATGGTCA,TGTGCACGA,CN.NMW.D23.post.2
5,A9,CCGAAT,GCATCA,CM.NMW.D32.post.8
5,B9,TTAGGCA,GCATCA,CN.NMW.D7.post.2
5,C9,AACTCGTC,GCATCA,CM.SMW.975.pre.3
5,D9,GGTCTACGT,GCATCA,CM.NMW.D8.post.5
5,E9,GATACC,GCATCA,TP.SMW.849.pre.5
5,F9,AGCGTTG,GCATCA,CS.SMW.897.pre.2
5,G9,CTGCAACT,GCATCA,TP.SMW.912.pre.7
5,H9,TCATGGTCA,GCATCA,CN.NMW.D131.post.2
5,A10,CCGAAT,ATGCTGT,CS.SMW.901.pre.2
5,B10,TTAGGCA,ATGCTGT,CS.CMW.1560.pre.2
5,C10,AACTCGTC,ATGCTGT,CM.NMW.D18.pre.2
5,D10,GGTCTACGT,ATGCTGT,CM.SMW.805.post.2
5,E10,GATACC,ATGCTGT,CS.SMW.901.pre.1
5,F10,AGCGTTG,ATGCTGT,CN.SMW.842.post.2
5,G10,CTGCAACT,ATGCTGT,CM.SMW.806.post.2
5,H10,TCATGGTCA,ATGCTGT,CM.NMW.D32.post.7
5,A11,CCGAAT,CATGACCT,CN.SMW.921.post.4
5,B11,TTAGGCA,CATGACCT,CM.NMW.D163.post.3
5,C11,AACTCGTC,CATGACCT,CS.SMW.967.post.1
5,D11,GGTCTACGT,CATGACCT,CN.SMW.840.pre.4
5,E11,GATACC,CATGACCT,CM.SMW.839.post.5
5,F11,AGCGTTG,CATGACCT,CM.NMW.D161.post.2
5,G11,CTGCAACT,CATGACCT,TP.SMW.946.pre.1
5,H11,TCATGGTCA,CATGACCT,CN.SMW.921.post.3
5,A12,CCGAAT,TGCAGTGAG,CM.NMW.D32.post.3
5,B12,TTAGGCA,TGCAGTGAG,CM.SMW.805.pre.5
5,C12,AACTCGTC,TGCAGTGAG,CM.NMW.D163.post.4
5,D12,GGTCTACGT,TGCAGTGAG,CM.NMW.D8.post.8
5,E12,GATACC,TGCAGTGAG,CN.NMW.D131.pre.4
5,F12,AGCGTTG,TGCAGTGAG,CM.NMW.D161.post.6
5,G12,CTGCAACT,TGCAGTGAG,CM.NMW.D161.post.3
5,H12,TCATGGTCA,TGCAGTGAG,CM.SMW.805.post.8
6,A1,CCGAAT,CTAACG,TP.SMW.849.pre.1
6,B1,TTAGGCA,CTAACG,CS.SMW.897.pre.4
6,C1,AACTCGTC,CTAACG,CN.NMW.D17.post.1
6,D1,GGTCTACGT,CTAACG,CS.CMW.1555.pre.1
6,E1,GATACC,CTAACG,CM.SMW.806.post.1
6,F1,AGCGTTG,CTAACG,CN.NMW.D17.post.3
6,G1,CTGCAACT,CTAACG,CM.NMW.D18.post.5
6,H1,TCATGGTCA,CTAACG,CM.SMW.805.pre.4
6,A2,CCGAAT,TCGGTAC,CS.CMW.1560.post.2
6,B2,TTAGGCA,TCGGTAC,CS.CMW.1554.pre.3
6,C2,AACTCGTC,TCGGTAC,TP.CMW.1564.pre.8
6,D2,GGTCTACGT,TCGGTAC,CS.CMW.1549.pre.4
6,E2,GATACC,TCGGTAC,CN.SMW.921.pre.3
6,F2,AGCGTTG,TCGGTAC,CM.NMW.D18.post.1
6,G2,CTGCAACT,TCGGTAC,CN.SMW.921.post.1
6,H2,TCATGGTCA,TCGGTAC,CM.SMW.805.pre.8
6,A3,CCGAAT,GATCGTTG,CS.CMW.1560.pre.4
6,B3,TTAGGCA,GATCGTTG,CN.SMW.860.post.1
6,C3,AACTCGTC,GATCGTTG,CM.NMW.D8.post.1
6,D3,GGTCTACGT,GATCGTTG,TP.SMW.849.pre.6
6,E3,GATACC,GATCGTTG,CN.NMW.D23.post.1
6,F3,AGCGTTG,GATCGTTG,TP.SMW.905.pre.7
6,G3,CTGCAACT,GATCGTTG,CM.NMW.D163.post.5
6,H3,TCATGGTCA,GATCGTTG,CN.SMW.921.pre.2
6,A4,CCGAAT,AGCTACACT,CN.NMW.D23.post.4
6,B4,TTAGGCA,AGCTACACT,CM.NMW.D8.post.2
6,C4,AACTCGTC,AGCTACACT,CS.SMW.897.pre.3
6,D4,GGTCTACGT,AGCTACACT,CM.NMW.D8.post.3
6,E4,GATACC,AGCTACACT,CN.SMW.885.pre.4
6,F4,AGCGTTG,AGCTACACT,CS.CMW.1557.post.2
6,G4,CTGCAACT,AGCTACACT,CM.SMW.805.post.1
6,H4,TCATGGTCA,AGCTACACT,TP.CMW.1634.post.8
6,A5,CCGAAT,ACGCAT,CS.CMW.1557.pre.3
6,B5,TTAGGCA,ACGCAT,CM.SMW.806.post.4
6,C5,AACTCGTC,ACGCAT,CS.CMW.1549.pre.1
6,D5,GGTCTACGT,ACGCAT,TP.SMW.912.pre.8
6,E5,GATACC,ACGCAT,TP.SMW.946.pre.8
6,F5,AGCGTTG,ACGCAT,CM.NMW.D32.post.5
6,G5,CTGCAACT,ACGCAT,CM.SMW.805.pre.2
6,H5,TCATGGTCA,ACGCAT,CS.CMW.1555.pre.3
6,A6,CCGAAT,GTATGCA,CN.SMW.842.post.3
6,B6,TTAGGCA,GTATGCA,CM.SMW.805.post.3
6,C6,AACTCGTC,GTATGCA,CM.SMW.839.post.7
6,D6,GGTCTACGT,GTATGCA,TP.CMW.1637.post.6
6,E6,GATACC,GTATGCA,CM.NMW.D32.post.1
6,F6,AGCGTTG,GTATGCA,CS.CMW.1554.pre.2
6,G6,CTGCAACT,GTATGCA,CN.SMW.860.pre.2
6,H6,TCATGGTCA,GTATGCA,TP.SMW.970.post.7
6,A7,CCGAAT,CACATGTC,CN.SMW.860.post.4
6,B7,TTAGGCA,CACATGTC,CN.SMW.840.post.4
6,C7,AACTCGTC,CACATGTC,CS.CMW.1555.pre.2
6,D7,GGTCTACGT,CACATGTC,CS.SMW.897.post.2
6,E7,GATACC,CACATGTC,CM.SMW.805.post.5
6,F7,AGCGTTG,CACATGTC,CS.SMW.844.post.1
6,G7,CTGCAACT,CACATGTC,CS.CMW.1554.post.1
6,H7,TCATGGTCA,CACATGTC,CS.SMW.967.pre.1
6,A8,CCGAAT,TGTGCACGA,CS.SMW.967.post.2
6,B8,TTAGGCA,TGTGCACGA,CN.NMW.D23.pre.4
6,C8,AACTCGTC,TGTGCACGA,CM.SMW.839.post.1
6,D8,GGTCTACGT,TGTGCACGA,CS.CMW.1549.post.1
6,E8,GATACC,TGTGCACGA,CS.SMW.844.pre.4
6,F8,AGCGTTG,TGTGCACGA,CS.CMW.1555.post.2
6,G8,CTGCAACT,TGTGCACGA,CM.NMW.D18.post.8
6,H8,TCATGGTCA,TGTGCACGA,CS.CMW.1554.post.3
6,A9,CCGAAT,GCATCA,CS.SMW.901.pre.3
6,B9,TTAGGCA,GCATCA,CN.SMW.885.post.3
6,C9,AACTCGTC,GCATCA,CS.CMW.1560.pre.3
6,D9,GGTCTACGT,GCATCA,CM.NMW.D32.post.6
6,E9,GATACC,GCATCA,CS.SMW.901.post.2
6,F9,AGCGTTG,GCATCA,TP.SMW.946.pre.2
6,G9,CTGCAACT,GCATCA,TP.SMW.912.pre.5
6,H9,TCATGGTCA,GCATCA,CN.SMW.860.post.3
6,A10,CCGAAT,ATGCTGT,CN.NMW.D7.pre.3
6,B10,TTAGGCA,ATGCTGT,CN.NMW.D23.post.3
6,C10,AACTCGTC,ATGCTGT,CN.NMW.D131.post.3
6,D10,GGTCTACGT,ATGCTGT,CN.SMW.921.post.2
6,E10,GATACC,ATGCTGT,CS.CMW.1555.post.1
6,F10,AGCGTTG,ATGCTGT,CN.SMW.885.post.2
6,G10,CTGCAACT,ATGCTGT,CS.CMW.1560.post.1
6,H10,TCATGGTCA,ATGCTGT,CN.NMW.D7.post.3
6,A11,CCGAAT,CATGACCT,CM.NMW.D18.post.4
6,B11,TTAGGCA,CATGACCT,CS.CMW.1560.post.4
6,C11,AACTCGTC,CATGACCT,CS.SMW.901.pre.4
6,D11,GGTCTACGT,CATGACCT,CN.NMW.D17.post.4
6,E11,GATACC,CATGACCT,CS.SMW.897.post.1
6,F11,AGCGTTG,CATGACCT,CN.SMW.840.post.2
6,G11,CTGCAACT,CATGACCT,TP.CMW.1564.pre.7
6,H11,TCATGGTCA,CATGACCT,CN.NMW.D17.post.2
6,A12,CCGAAT,TGCAGTGAG,CS.CMW.1554.pre.4
6,B12,TTAGGCA,TGCAGTGAG,CS.CMW.1565.pre.4
6,C12,AACTCGTC,TGCAGTGAG,CN.SMW.860.post.2
6,D12,GGTCTACGT,TGCAGTGAG,CM.NMW.D32.pre.4
6,E12,GATACC,TGCAGTGAG,CS.CMW.1565.pre.2
6,F12,AGCGTTG,TGCAGTGAG,CS.SMW.967.post.4
6,G12,CTGCAACT,TGCAGTGAG,TP.SMW.912.pre.2
6,H12,TCATGGTCA,TGCAGTGAG,CN.NMW.D131.post.1
7,A1,CCGAAT,CTAACG,TP.CMW.1634.pre.8
7,B1,TTAGGCA,CTAACG,TP.SMW.970.post.8
7,C1,AACTCGTC,CTAACG,CM.NMW.D32.post.4
7,D1,GGTCTACGT,CTAACG,CN.SMW.860.pre.1
7,E1,GATACC,CTAACG,CM.SMW.805.pre.6
7,F1,AGCGTTG,CTAACG,CS.CMW.1549.pre.3
7,G1,CTGCAACT,CTAACG,CN.SMW.842.post.4
7,H1,TCATGGTCA,CTAACG,CN.NMW.D7.post.1
7,A2,CCGAAT,TCGGTAC,TP.CMW.1637.pre.7
7,B2,TTAGGCA,TCGGTAC,CS.CMW.1557.post.1
7,C2,AACTCGTC,TCGGTAC,CM.NMW.D161.post.8
7,D2,GGTCTACGT,TCGGTAC,CS.SMW.844.pre.3
7,E2,GATACC,TCGGTAC,CS.CMW.1549.post.3
7,F2,AGCGTTG,TCGGTAC,CN.NMW.D7.post.4
7,G2,CTGCAACT,TCGGTAC,CS.CMW.1565.post.1
7,H2,TCATGGTCA,TCGGTAC,CS.SMW.844.pre.1
7,A3,CCGAAT,GATCGTTG,TP.SMW.849.pre.4
7,B3,TTAGGCA,GATCGTTG,TP.CMW.1643.post.5
7,C3,AACTCGTC,GATCGTTG,TP.SMW.922.post.7
7,D3,GGTCTACGT,GATCGTTG,CM.NMW.D18.post.6
7,E3,GATACC,GATCGTTG,TP.CMW.1634.pre.1
7,F3,AGCGTTG,GATCGTTG,CS.SMW.844.post.2
7,G3,CTGCAACT,GATCGTTG,CN.NMW.D131.pre.3
7,H3,TCATGGTCA,GATCGTTG,CN.SMW.885.post.1
7,A4,CCGAAT,AGCTACACT,CS.CMW.1549.post.4
7,B4,TTAGGCA,AGCTACACT,TP.CMW.1643.post.2
7,C4,AACTCGTC,AGCTACACT,TP.SMW.946.pre.6
7,D4,GGTCTACGT,AGCTACACT,CM.SMW.839.post.3
7,E4,GATACC,AGCTACACT,CN.SMW.860.pre.3
7,F4,AGCGTTG,AGCTACACT,TP.CMW.1643.pre.1
7,G4,CTGCAACT,AGCTACACT,CS.CMW.1565.post.2
7,H4,TCATGGTCA,AGCTACACT,CM.SMW.806.post.3
7,A5,CCGAAT,ACGCAT,CM.SMW.805.pre.3
7,B5,TTAGGCA,ACGCAT,CN.SMW.840.post.3
7,C5,AACTCGTC,ACGCAT,CS.SMW.844.post.3
7,D5,GGTCTACGT,ACGCAT,TP.SMW.922.pre.5
7,E5,GATACC,ACGCAT,CN.SMW.842.post.1
7,F5,AGCGTTG,ACGCAT,TP.CMW.1634.post.5
7,G5,CTGCAACT,ACGCAT,TP.CMW.1634.pre.2
7,H5,TCATGGTCA,ACGCAT,CS.SMW.897.post.4
7,A6,CCGAAT,GTATGCA,CN.SMW.860.pre.4
7,B6,TTAGGCA,GTATGCA,CS.CMW.1565.post.4
7,C6,AACTCGTC,GTATGCA,CM.SMW.839.post.4
7,D6,GGTCTACGT,GTATGCA,CN.SMW.885.post.4
7,E6,GATACC,GTATGCA,CS.CMW.1565.post.3
7,F6,AGCGTTG,GTATGCA,TP.SMW.946.post.7
7,G6,CTGCAACT,GTATGCA,TP.CMW.1643.pre.2
7,H6,TCATGGTCA,GTATGCA,TP.CMW.1637.post.8
7,A7,CCGAAT,CACATGTC,TP.SMW.970.post.5
7,B7,TTAGGCA,CACATGTC,TP.CMW.1643.pre.6
7,C7,AACTCGTC,CACATGTC,TP.SMW.970.pre.7
7,D7,GGTCTACGT,CACATGTC,CN.SMW.885.pre.2
7,E7,GATACC,CACATGTC,TP.SMW.970.pre.5
7,F7,AGCGTTG,CACATGTC,TP.SMW.922.post.5
7,G7,CTGCAACT,CACATGTC,TP.CMW.1634.pre.3
7,H7,TCATGGTCA,CACATGTC,TP.SMW.922.pre.4
7,A8,CCGAAT,TGTGCACGA,TP.SMW.849.pre.3
7,B8,TTAGGCA,TGTGCACGA,TP.SMW.849.post.1
7,C8,AACTCGTC,TGTGCACGA,TP.SMW.912.pre.6
7,D8,GGTCTACGT,TGTGCACGA,TP.CMW.1634.pre.7
7,E8,GATACC,TGTGCACGA,TP.CMW.1564.pre.6
7,F8,AGCGTTG,TGTGCACGA,CS.CMW.1554.post.4
7,G8,CTGCAACT,TGTGCACGA,CS.CMW.1560.post.3
7,H8,TCATGGTCA,TGTGCACGA,TP.CMW.1637.pre.2
7,A9,CCGAAT,GCATCA,TP.SMW.922.pre.6
7,B9,TTAGGCA,GCATCA,CN.SMW.885.pre.1
7,C9,AACTCGTC,GCATCA,CS.SMW.844.post.4
7,D9,GGTCTACGT,GCATCA,TP.CMW.1643.post.7
7,E9,GATACC,GCATCA,TP.CMW.1637.pre.8
7,F9,AGCGTTG,GCATCA,CS.SMW.901.post.1
7,G9,CTGCAACT,GCATCA,TP.SMW.922.post.2
7,H9,TCATGGTCA,GCATCA,TP.CMW.1643.pre.5
7,A10,CCGAAT,ATGCTGT,TP.SMW.946.post.1
7,B10,TTAGGCA,ATGCTGT,CN.NMW.D131.post.4
7,C10,AACTCGTC,ATGCTGT,TP.CMW.1643.pre.4
7,D10,GGTCTACGT,ATGCTGT,CS.SMW.897.post.3
7,E10,GATACC,ATGCTGT,TP.SMW.970.pre.6
7,F10,AGCGTTG,ATGCTGT,TP.SMW.922.pre.2
7,G10,CTGCAACT,ATGCTGT,TP.CMW.1564.post.7
7,H10,TCATGGTCA,ATGCTGT,CM.NMW.D32.post.2
7,A11,CCGAAT,CATGACCT,CM.NMW.D18.post.3
7,B11,TTAGGCA,CATGACCT,TP.CMW.1634.pre.5
7,C11,AACTCGTC,CATGACCT,TP.SMW.849.post.8
7,D11,GGTCTACGT,CATGACCT,TP.SMW.912.pre.4
7,E11,GATACC,CATGACCT,CS.SMW.967.post.3
7,F11,AGCGTTG,CATGACCT,TP.SMW.849.pre.7
7,G11,CTGCAACT,CATGACCT,TP.SMW.905.pre.8
7,H11,TCATGGTCA,CATGACCT,TP.SMW.912.pre.3
7,A12,CCGAAT,TGCAGTGAG,CS.CMW.1555.pre.4
7,B12,TTAGGCA,TGCAGTGAG,TP.SMW.922.pre.3
7,C12,AACTCGTC,TGCAGTGAG,TP.SMW.970.pre.8
7,D12,GGTCTACGT,TGCAGTGAG,TP.SMW.970.pre.3
7,E12,GATACC,TGCAGTGAG,TP.CMW.1643.pre.7
7,F12,AGCGTTG,TGCAGTGAG,TP.CMW.1637.pre.5
7,G12,CTGCAACT,TGCAGTGAG,TP.SMW.922.pre.7
7,H12,TCATGGTCA,TGCAGTGAG,TP.SMW.849.post.7
8,A1,CCGAAT,CTAACG,TP.SMW.922.pre.8
8,B1,TTAGGCA,CTAACG,TP.CMW.1634.post.2
8,C1,AACTCGTC,CTAACG,TP.CMW.1564.post.2
8,D1,GGTCTACGT,CTAACG,TP.SMW.946.pre.3
8,E1,GATACC,CTAACG,CS.CMW.1555.post.4
8,F1,AGCGTTG,CTAACG,CN.SMW.885.pre.3
8,G1,CTGCAACT,CTAACG,TP.CMW.1634.post.1
8,H1,TCATGGTCA,CTAACG,TP.SMW.946.post.8
8,A2,CCGAAT,TCGGTAC,TP.SMW.849.pre.8
8,B2,TTAGGCA,TCGGTAC,TP.SMW.849.post.6
8,C2,AACTCGTC,TCGGTAC,TP.CMW.1564.pre.4
8,D2,GGTCTACGT,TCGGTAC,TP.CMW.1643.post.6
8,E2,GATACC,TCGGTAC,TP.CMW.1643.post.3
8,F2,AGCGTTG,TCGGTAC,TP.SMW.905.pre.2
8,G2,CTGCAACT,TCGGTAC,TP.SMW.849.pre.2
8,H2,TCATGGTCA,TCGGTAC,CS.CMW.1557.post.4
8,A3,CCGAAT,GATCGTTG,CS.CMW.1555.post.3
8,B3,TTAGGCA,GATCGTTG,TP.CMW.1643.post.8
8,C3,AACTCGTC,GATCGTTG,TP.SMW.912.post.1
8,D3,GGTCTACGT,GATCGTTG,TP.SMW.970.pre.2
8,E3,GATACC,GATCGTTG,TP.SMW.849.post.4
8,F3,AGCGTTG,GATCGTTG,CS.SMW.901.post.3
8,G3,CTGCAACT,GATCGTTG,CS.SMW.901.post.4
8,H3,TCATGGTCA,GATCGTTG,TP.CMW.1643.pre.8
8,A4,CCGAAT,AGCTACACT,TP.SMW.946.post.5
8,B4,TTAGGCA,AGCTACACT,TP.SMW.849.post.5
8,C4,AACTCGTC,AGCTACACT,TP.SMW.922.pre.1
8,D4,GGTCTACGT,AGCTACACT,CM.SMW.862.post.1
8,E4,GATACC,AGCTACACT,TP.SMW.922.post.1
8,F4,AGCGTTG,AGCTACACT,TP.SMW.946.post.6
8,G4,CTGCAACT,AGCTACACT,TP.CMW.1634.post.7
8,H4,TCATGGTCA,AGCTACACT,TP.CMW.1637.post.1
8,A5,CCGAAT,ACGCAT,TP.SMW.922.post.3
8,B5,TTAGGCA,ACGCAT,TP.SMW.905.pre.5
8,C5,AACTCGTC,ACGCAT,TP.SMW.970.pre.4
8,D5,GGTCTACGT,ACGCAT,TP.CMW.1637.pre.1
8,E5,GATACC,ACGCAT,TP.SMW.912.post.4
8,F5,AGCGTTG,ACGCAT,TP.SMW.970.post.2
8,G5,CTGCAACT,ACGCAT,TP.SMW.912.post.7
8,H5,TCATGGTCA,ACGCAT,TP.CMW.1564.pre.2
8,A6,CCGAAT,GTATGCA,TP.CMW.1643.pre.3
8,B6,TTAGGCA,GTATGCA,TP.SMW.912.post.6
8,C6,AACTCGTC,GTATGCA,TP.SMW.905.pre.1
8,D6,GGTCTACGT,GTATGCA,TP.CMW.1564.post.5
8,E6,GATACC,GTATGCA,TP.CMW.1564.pre.1
8,F6,AGCGTTG,GTATGCA,TP.SMW.905.pre.6
8,G6,CTGCAACT,GTATGCA,TP.SMW.905.pre.4
8,H6,TCATGGTCA,GTATGCA,TP.SMW.970.post.6
8,A7,CCGAAT,CACATGTC,TP.CMW.1634.post.4
8,B7,TTAGGCA,CACATGTC,TP.SMW.946.post.2
8,C7,AACTCGTC,CACATGTC,TP.SMW.905.post.2
8,D7,GGTCTACGT,CACATGTC,TP.CMW.1637.post.5
8,E7,GATACC,CACATGTC,TP.SMW.946.post.3
8,F7,AGCGTTG,CACATGTC,TP.SMW.849.post.3
8,G7,CTGCAACT,CACATGTC,TP.CMW.1637.pre.3
8,H7,TCATGGTCA,CACATGTC,TP.CMW.1634.pre.6
8,A8,CCGAAT,TGTGCACGA,TP.SMW.970.post.1
8,B8,TTAGGCA,TGTGCACGA,TP.CMW.1637.pre.6
8,C8,AACTCGTC,TGTGCACGA,TP.CMW.1564.pre.3
8,D8,GGTCTACGT,TGTGCACGA,TP.SMW.849.post.2
8,E8,GATACC,TGTGCACGA,TP.SMW.905.post.4
8,F8,AGCGTTG,TGTGCACGA,TP.SMW.970.post.3
8,G8,CTGCAACT,TGTGCACGA,TP.SMW.922.post.8
8,H8,TCATGGTCA,TGTGCACGA,TP.SMW.912.post.8
8,A9,CCGAAT,GCATCA,TP.SMW.970.pre.1
8,B9,TTAGGCA,GCATCA,TP.CMW.1634.post.3
8,C9,AACTCGTC,GCATCA,TP.CMW.1637.post.2
8,D9,GGTCTACGT,GCATCA,TP.CMW.1564.post.3
8,E9,GATACC,GCATCA,TP.SMW.946.post.4
8,F9,AGCGTTG,GCATCA,TP.SMW.905.post.8
8,G9,CTGCAACT,GCATCA,TP.SMW.905.post.1
8,H9,TCATGGTCA,GCATCA,TP.SMW.922.post.6
8,A10,CCGAAT,ATGCTGT,TP.SMW.905.post.5
8,B10,TTAGGCA,ATGCTGT,TP.CMW.1637.post.7
8,C10,AACTCGTC,ATGCTGT,TP.CMW.1637.post.4
8,D10,GGTCTACGT,ATGCTGT,TP.CMW.1634.pre.4
8,E10,GATACC,ATGCTGT,TP.CMW.1643.post.4
8,F10,AGCGTTG,ATGCTGT,TP.SMW.922.post.4
8,G10,CTGCAACT,ATGCTGT,TP.CMW.1637.post.3
8,H10,TCATGGTCA,ATGCTGT,TP.SMW.912.post.2
8,A11,CCGAAT,CATGACCT,TP.CMW.1643.post.1
8,B11,TTAGGCA,CATGACCT,TP.SMW.970.post.4
8,C11,AACTCGTC,CATGACCT,TP.CMW.1564.post.8
8,D11,GGTCTACGT,CATGACCT,TP.SMW.905.pre.3
8,E11,GATACC,CATGACCT,TP.CMW.1637.pre.4
8,F11,AGCGTTG,CATGACCT,TP.SMW.905.post.7
8,G11,CTGCAACT,CATGACCT,TP.CMW.1564.post.1
8,H11,TCATGGTCA,CATGACCT,TP.SMW.905.post.3
8,A12,CCGAAT,TGCAGTGAG,TP.CMW.1564.post.4
8,B12,TTAGGCA,TGCAGTGAG,TP.SMW.905.post.6
8,C12,AACTCGTC,TGCAGTGAG,TP.CMW.1634.post.6
8,D12,GGTCTACGT,TGCAGTGAG,TP.SMW.912.post.5
8,E12,GATACC,TGCAGTGAG,TP.SMW.912.post.3
8,F12,AGCGTTG,TGCAGTGAG,TP.CMW.1564.post.6
8,G12,CTGCAACT,TGCAGTGAG,CS.CMW.1557.post.3
8,H12,TCATGGTCA,TGCAGTGAG,CM.NMW.D18.post.2