iTru adaptor combination plate,,,,,,,,,,,,,,,,,,,,,,,
,,,We probably need  to extract the relevant barcode from here or something like that.,,,,,,,,,,,,,,,,,,,,
,,,,,,,,,,,,,,,,,,,,,,,
,,,NheI,NheI,NheI,NheI,NheI,NheI,NheI,NheI,,NheI,NheI,EcoRI,EcoRI,EcoRI,EcoRI,EcoRI,EcoRI,EcoRI,EcoRI,EcoRI,EcoRI
Row,Column,Well,adaptor,tag,tag_sequence,tag_sequence_check,tag_sequence_rc,tag_sequence_rc_check,Oligo1,Oligo1_sequence,,Oligo2,Oligo2_sequence,adaptor,tag,tag_sequence_rc,tag_sequence_rc_check,tag_sequence,tag_sequence_check,Oligo1,Oligo1_sequence,Oligo2,Oligo2_sequence
A,1,A1,iTru_NheI_R1_A,A,CCGAAT,TRUE,ATTCGG,TRUE,iTru_NheI_R1_stub_A,ACGACGCTCTTCCGATCTCCGAATG,,iTru_NheI_R1_RCp_A,/phos/CTAGCATTCGGAGATCGGAAGAGCGTCGTGTAGGGAAAGAGTGT,iTru_EcoRI_R2_1,1,CGTTAG,TRUE,CTAACG,TRUE,EcoRI_upper_1,AATTACGTTAGAGATCGGAAGAGCACACGTAATCC,EcoRI_lower_1,GTGACTGGAGTTCAGACGTGTGCTCTTCCGATCTCTAACGT
B,1,B1,iTru_NheI_R1_B,B,TTAGGCA,TRUE,TGCCTAA,TRUE,iTru_NheI_R1_stub_B,ACGACGCTCTTCCGATCTTTAGGCAG,,iTru_NheI_R1_RCp_B,/phos/CTAGCTGCCTAAAGATCGGAAGAGCGTCGTGTAGGGAAAGAGTGT,iTru_EcoRI_R2_1,1,CGTTAG,TRUE,CTAACG,TRUE,EcoRI_upper_1,AATTACGTTAGAGATCGGAAGAGCACACGTAATCC,EcoRI_lower_1,GTGACTGGAGTTCAGACGTGTGCTCTTCCGATCTCTAACGT
C,1,C1,iTru_NheI_R1_C,C,AACTCGTC,TRUE,GACGAGTT,TRUE,iTru_NheI_R1_stub_C,ACGACGCTCTTCCGATCTAACTCGTCG,,iTru_NheI_R1_RCp_C,/phos/CTAGCGACGAGTTAGATCGGAAGAGCGTCGTGTAGGGAAAGAGTGT,iTru_EcoRI_R2_1,1,CGTTAG,TRUE,CTAACG,TRUE,EcoRI_upper_1,AATTACGTTAGAGATCGGAAGAGCACACGTAATCC,EcoRI_lower_1,GTGACTGGAGTTCAGACGTGTGCTCTTCCGATCTCTAACGT
D,1,D1,iTru_NheI_R1_D,D,GGTCTACGT,TRUE,ACGTAGACC,TRUE,iTru_NheI_R1_stub_D,ACGACGCTCTTCCGATCTGGTCTACGTG,,iTru_NheI_R1_RCp_D,/phos/CTAGCACGTAGACCAGATCGGAAGAGCGTCGTGTAGGGAAAGAGTGT,iTru_EcoRI_R2_1,1,CGTTAG,TRUE,CTAACG,TRUE,EcoRI_upper_1,AATTACGTTAGAGATCGGAAGAGCACACGTAATCC,EcoRI_lower_1,GTGACTGGAGTTCAGACGTGTGCTCTTCCGATCTCTAACGT
E,1,E1,iTru_NheI_R1_E,E,GATACC,TRUE,GGTATC,TRUE,iTru_NheI_R1_stub_E,ACGACGCTCTTCCGATCTGATACCG,,iTru_NheI_R1_RCp_E,/phos/CTAGCGGTATCAGATCGGAAGAGCGTCGTGTAGGGAAAGAGTGT,iTru_EcoRI_R2_1,1,CGTTAG,TRUE,CTAACG,TRUE,EcoRI_upper_1,AATTACGTTAGAGATCGGAAGAGCACACGTAATCC,EcoRI_lower_1,GTGACTGGAGTTCAGACGTGTGCTCTTCCGATCTCTAACGT
F,1,F1,iTru_NheI_R1_F,F,AGCGTTG,TRUE,CAACGCT,TRUE,iTru_NheI_R1_stub_F,ACGACGCTCTTCCGATCTAGCGTTGG,,iTru_NheI_R1_RCp_F,/phos/CTAGCCAACGCTAGATCGGAAGAGCGTCGTGTAGGGAAAGAGTGT,iTru_EcoRI_R2_1,1,CGTTAG,TRUE,CTAACG,TRUE,EcoRI_upper_1,AATTACGTTAGAGATCGGAAGAGCACACGTAATCC,EcoRI_lower_1,GTGACTGGAGTTCAGACGTGTGCTCTTCCGATCTCTAACGT
G,1,G1,iTru_NheI_R1_G,G,CTGCAACT,TRUE,AGTTGCAG,TRUE,iTru_NheI_R1_stub_G,ACGACGCTCTTCCGATCTCTGCAACTG,,iTru_NheI_R1_RCp_G,/phos/CTAGCAGTTGCAGAGATCGGAAGAGCGTCGTGTAGGGAAAGAGTGT,iTru_EcoRI_R2_1,1,CGTTAG,TRUE,CTAACG,TRUE,EcoRI_upper_1,AATTACGTTAGAGATCGGAAGAGCACACGTAATCC,EcoRI_lower_1,GTGACTGGAGTTCAGACGTGTGCTCTTCCGATCTCTAACGT
H,1,H1,iTru_NheI_R1_H,H,TCATGGTCA,TRUE,TGACCATGA,TRUE,iTru_NheI_R1_stub_H,ACGACGCTCTTCCGATCTTCATGGTCAG,,iTru_NheI_R1_RCp_H,/phos/CTAGCTGACCATGAAGATCGGAAGAGCGTCGTGTAGGGAAAGAGTGT,iTru_EcoRI_R2_1,1,CGTTAG,TRUE,CTAACG,TRUE,EcoRI_upper_1,AATTACGTTAGAGATCGGAAGAGCACACGTAATCC,EcoRI_lower_1,GTGACTGGAGTTCAGACGTGTGCTCTTCCGATCTCTAACGT
A,2,A2,iTru_NheI_R1_A,A,CCGAAT,TRUE,ATTCGG,TRUE,iTru_NheI_R1_stub_A,ACGACGCTCTTCCGATCTCCGAATG,,iTru_NheI_R1_RCp_A,/phos/CTAGCATTCGGAGATCGGAAGAGCGTCGTGTAGGGAAAGAGTGT,iTru_EcoRI_R2_2,2,GTACCGA,TRUE,TCGGTAC,TRUE,EcoRI_upper_2,AATTAGTACCGAAGATCGGAAGAGCACACGTAATCC,EcoRI_lower_2,GTGACTGGAGTTCAGACGTGTGCTCTTCCGATCTTCGGTACT
B,2,B2,iTru_NheI_R1_B,B,TTAGGCA,TRUE,TGCCTAA,TRUE,iTru_NheI_R1_stub_B,ACGACGCTCTTCCGATCTTTAGGCAG,,iTru_NheI_R1_RCp_B,/phos/CTAGCTGCCTAAAGATCGGAAGAGCGTCGTGTAGGGAAAGAGTGT,iTru_EcoRI_R2_2,2,GTACCGA,TRUE,TCGGTAC,TRUE,EcoRI_upper_2,AATTAGTACCGAAGATCGGAAGAGCACACGTAATCC,EcoRI_lower_2,GTGACTGGAGTTCAGACGTGTGCTCTTCCGATCTTCGGTACT
C,2,C2,iTru_NheI_R1_C,C,AACTCGTC,TRUE,GACGAGTT,TRUE,iTru_NheI_R1_stub_C,ACGACGCTCTTCCGATCTAACTCGTCG,,iTru_NheI_R1_RCp_C,/phos/CTAGCGACGAGTTAGATCGGAAGAGCGTCGTGTAGGGAAAGAGTGT,iTru_EcoRI_R2_2,2,GTACCGA,TRUE,TCGGTAC,TRUE,EcoRI_upper_2,AATTAGTACCGAAGATCGGAAGAGCACACGTAATCC,EcoRI_lower_2,GTGACTGGAGTTCAGACGTGTGCTCTTCCGATCTTCGGTACT
D,2,D2,iTru_NheI_R1_D,D,GGTCTACGT,TRUE,ACGTAGACC,TRUE,iTru_NheI_R1_stub_D,ACGACGCTCTTCCGATCTGGTCTACGTG,,iTru_NheI_R1_RCp_D,/phos/CTAGCACGTAGACCAGATCGGAAGAGCGTCGTGTAGGGAAAGAGTGT,iTru_EcoRI_R2_2,2,GTACCGA,TRUE,TCGGTAC,TRUE,EcoRI_upper_2,AATTAGTACCGAAGATCGGAAGAGCACACGTAATCC,EcoRI_lower_2,GTGACTGGAGTTCAGACGTGTGCTCTTCCGATCTTCGGTACT
E,2,E2,iTru_NheI_R1_E,E,GATACC,TRUE,GGTATC,TRUE,iTru_NheI_R1_stub_E,ACGACGCTCTTCCGATCTGATACCG,,iTru_NheI_R1_RCp_E,/phos/CTAGCGGTATCAGATCGGAAGAGCGTCGTGTAGGGAAAGAGTGT,iTru_EcoRI_R2_2,2,GTACCGA,TRUE,TCGGTAC,TRUE,EcoRI_upper_2,AATTAGTACCGAAGATCGGAAGAGCACACGTAATCC,EcoRI_lower_2,GTGACTGGAGTTCAGACGTGTGCTCTTCCGATCTTCGGTACT
F,2,F2,iTru_NheI_R1_F,F,AGCGTTG,TRUE,CAACGCT,TRUE,iTru_NheI_R1_stub_F,ACGACGCTCTTCCGATCTAGCGTTGG,,iTru_NheI_R1_RCp_F,/phos/CTAGCCAACGCTAGATCGGAAGAGCGTCGTGTAGGGAAAGAGTGT,iTru_EcoRI_R2_2,2,GTACCGA,TRUE,TCGGTAC,TRUE,EcoRI_upper_2,AATTAGTACCGAAGATCGGAAGAGCACACGTAATCC,EcoRI_lower_2,GTGACTGGAGTTCAGACGTGTGCTCTTCCGATCTTCGGTACT
G,2,G2,iTru_NheI_R1_G,G,CTGCAACT,TRUE,AGTTGCAG,TRUE,iTru_NheI_R1_stub_G,ACGACGCTCTTCCGATCTCTGCAACTG,,iTru_NheI_R1_RCp_G,/phos/CTAGCAGTTGCAGAGATCGGAAGAGCGTCGTGTAGGGAAAGAGTGT,iTru_EcoRI_R2_2,2,GTACCGA,TRUE,TCGGTAC,TRUE,EcoRI_upper_2,AATTAGTACCGAAGATCGGAAGAGCACACGTAATCC,EcoRI_lower_2,GTGACTGGAGTTCAGACGTGTGCTCTTCCGATCTTCGGTACT
H,2,H2,iTru_NheI_R1_H,H,TCATGGTCA,TRUE,TGACCATGA,TRUE,iTru_NheI_R1_stub_H,ACGACGCTCTTCCGATCTTCATGGTCAG,,iTru_NheI_R1_RCp_H,/phos/CTAGCTGACCATGAAGATCGGAAGAGCGTCGTGTAGGGAAAGAGTGT,iTru_EcoRI_R2_2,2,GTACCGA,TRUE,TCGGTAC,TRUE,EcoRI_upper_2,AATTAGTACCGAAGATCGGAAGAGCACACGTAATCC,EcoRI_lower_2,GTGACTGGAGTTCAGACGTGTGCTCTTCCGATCTTCGGTACT
A,3,A3,iTru_NheI_R1_A,A,CCGAAT,TRUE,ATTCGG,TRUE,iTru_NheI_R1_stub_A,ACGACGCTCTTCCGATCTCCGAATG,,iTru_NheI_R1_RCp_A,/phos/CTAGCATTCGGAGATCGGAAGAGCGTCGTGTAGGGAAAGAGTGT,iTru_EcoRI_R2_3,3,CAACGATC,TRUE,GATCGTTG,TRUE,EcoRI_upper_3,AATTACAACGATCAGATCGGAAGAGCACACGTAATCC,EcoRI_lower_3,GTGACTGGAGTTCAGACGTGTGCTCTTCCGATCTGATCGTTGT
B,3,B3,iTru_NheI_R1_B,B,TTAGGCA,TRUE,TGCCTAA,TRUE,iTru_NheI_R1_stub_B,ACGACGCTCTTCCGATCTTTAGGCAG,,iTru_NheI_R1_RCp_B,/phos/CTAGCTGCCTAAAGATCGGAAGAGCGTCGTGTAGGGAAAGAGTGT,iTru_EcoRI_R2_3,3,CAACGATC,TRUE,GATCGTTG,TRUE,EcoRI_upper_3,AATTACAACGATCAGATCGGAAGAGCACACGTAATCC,EcoRI_lower_3,GTGACTGGAGTTCAGACGTGTGCTCTTCCGATCTGATCGTTGT
C,3,C3,iTru_NheI_R1_C,C,AACTCGTC,TRUE,GACGAGTT,TRUE,iTru_NheI_R1_stub_C,ACGACGCTCTTCCGATCTAACTCGTCG,,iTru_NheI_R1_RCp_C,/phos/CTAGCGACGAGTTAGATCGGAAGAGCGTCGTGTAGGGAAAGAGTGT,iTru_EcoRI_R2_3,3,CAACGATC,TRUE,GATCGTTG,TRUE,EcoRI_upper_3,AATTACAACGATCAGATCGGAAGAGCACACGTAATCC,EcoRI_lower_3,GTGACTGGAGTTCAGACGTGTGCTCTTCCGATCTGATCGTTGT
D,3,D3,iTru_NheI_R1_D,D,GGTCTACGT,TRUE,ACGTAGACC,TRUE,iTru_NheI_R1_stub_D,ACGACGCTCTTCCGATCTGGTCTACGTG,,iTru_NheI_R1_RCp_D,/phos/CTAGCACGTAGACCAGATCGGAAGAGCGTCGTGTAGGGAAAGAGTGT,iTru_EcoRI_R2_3,3,CAACGATC,TRUE,GATCGTTG,TRUE,EcoRI_upper_3,AATTACAACGATCAGATCGGAAGAGCACACGTAATCC,EcoRI_lower_3,GTGACTGGAGTTCAGACGTGTGCTCTTCCGATCTGATCGTTGT
E,3,E3,iTru_NheI_R1_E,E,GATACC,TRUE,GGTATC,TRUE,iTru_NheI_R1_stub_E,ACGACGCTCTTCCGATCTGATACCG,,iTru_NheI_R1_RCp_E,/phos/CTAGCGGTATCAGATCGGAAGAGCGTCGTGTAGGGAAAGAGTGT,iTru_EcoRI_R2_3,3,CAACGATC,TRUE,GATCGTTG,TRUE,EcoRI_upper_3,AATTACAACGATCAGATCGGAAGAGCACACGTAATCC,EcoRI_lower_3,GTGACTGGAGTTCAGACGTGTGCTCTTCCGATCTGATCGTTGT
F,3,F3,iTru_NheI_R1_F,F,AGCGTTG,TRUE,CAACGCT,TRUE,iTru_NheI_R1_stub_F,ACGACGCTCTTCCGATCTAGCGTTGG,,iTru_NheI_R1_RCp_F,/phos/CTAGCCAACGCTAGATCGGAAGAGCGTCGTGTAGGGAAAGAGTGT,iTru_EcoRI_R2_3,3,CAACGATC,TRUE,GATCGTTG,TRUE,EcoRI_upper_3,AATTACAACGATCAGATCGGAAGAGCACACGTAATCC,EcoRI_lower_3,GTGACTGGAGTTCAGACGTGTGCTCTTCCGATCTGATCGTTGT
G,3,G3,iTru_NheI_R1_G,G,CTGCAACT,TRUE,AGTTGCAG,TRUE,iTru_NheI_R1_stub_G,ACGACGCTCTTCCGATCTCTGCAACTG,,iTru_NheI_R1_RCp_G,/phos/CTAGCAGTTGCAGAGATCGGAAGAGCGTCGTGTAGGGAAAGAGTGT,iTru_EcoRI_R2_3,3,CAACGATC,TRUE,GATCGTTG,TRUE,EcoRI_upper_3,AATTACAACGATCAGATCGGAAGAGCACACGTAATCC,EcoRI_lower_3,GTGACTGGAGTTCAGACGTGTGCTCTTCCGATCTGATCGTTGT
H,3,H3,iTru_NheI_R1_H,H,TCATGGTCA,TRUE,TGACCATGA,TRUE,iTru_NheI_R1_stub_H,ACGACGCTCTTCCGATCTTCATGGTCAG,,iTru_NheI_R1_RCp_H,/phos/CTAGCTGACCATGAAGATCGGAAGAGCGTCGTGTAGGGAAAGAGTGT,iTru_EcoRI_R2_3,3,CAACGATC,TRUE,GATCGTTG,TRUE,EcoRI_upper_3,AATTACAACGATCAGATCGGAAGAGCACACGTAATCC,EcoRI_lower_3,GTGACTGGAGTTCAGACGTGTGCTCTTCCGATCTGATCGTTGT
A,4,A4,iTru_NheI_R1_A,A,CCGAAT,TRUE,ATTCGG,TRUE,iTru_NheI_R1_stub_A,ACGACGCTCTTCCGATCTCCGAATG,,iTru_NheI_R1_RCp_A,/phos/CTAGCATTCGGAGATCGGAAGAGCGTCGTGTAGGGAAAGAGTGT,iTru_EcoRI_R2_4,4,AGTGTAGCT,TRUE,AGCTACACT,TRUE,EcoRI_upper_4,AATTAAGTGTAGCTAGATCGGAAGAGCACACGTAATCC,EcoRI_lower_4,GTGACTGGAGTTCAGACGTGTGCTCTTCCGATCTAGCTACACTT
B,4,B4,iTru_NheI_R1_B,B,TTAGGCA,TRUE,TGCCTAA,TRUE,iTru_NheI_R1_stub_B,ACGACGCTCTTCCGATCTTTAGGCAG,,iTru_NheI_R1_RCp_B,/phos/CTAGCTGCCTAAAGATCGGAAGAGCGTCGTGTAGGGAAAGAGTGT,iTru_EcoRI_R2_4,4,AGTGTAGCT,TRUE,AGCTACACT,TRUE,EcoRI_upper_4,AATTAAGTGTAGCTAGATCGGAAGAGCACACGTAATCC,EcoRI_lower_4,GTGACTGGAGTTCAGACGTGTGCTCTTCCGATCTAGCTACACTT
C,4,C4,iTru_NheI_R1_C,C,AACTCGTC,TRUE,GACGAGTT,TRUE,iTru_NheI_R1_stub_C,ACGACGCTCTTCCGATCTAACTCGTCG,,iTru_NheI_R1_RCp_C,/phos/CTAGCGACGAGTTAGATCGGAAGAGCGTCGTGTAGGGAAAGAGTGT,iTru_EcoRI_R2_4,4,AGTGTAGCT,TRUE,AGCTACACT,TRUE,EcoRI_upper_4,AATTAAGTGTAGCTAGATCGGAAGAGCACACGTAATCC,EcoRI_lower_4,GTGACTGGAGTTCAGACGTGTGCTCTTCCGATCTAGCTACACTT
D,4,D4,iTru_NheI_R1_D,D,GGTCTACGT,TRUE,ACGTAGACC,TRUE,iTru_NheI_R1_stub_D,ACGACGCTCTTCCGATCTGGTCTACGTG,,iTru_NheI_R1_RCp_D,/phos/CTAGCACGTAGACCAGATCGGAAGAGCGTCGTGTAGGGAAAGAGTGT,iTru_EcoRI_R2_4,4,AGTGTAGCT,TRUE,AGCTACACT,TRUE,EcoRI_upper_4,AATTAAGTGTAGCTAGATCGGAAGAGCACACGTAATCC,EcoRI_lower_4,GTGACTGGAGTTCAGACGTGTGCTCTTCCGATCTAGCTACACTT
E,4,E4,iTru_NheI_R1_E,E,GATACC,TRUE,GGTATC,TRUE,iTru_NheI_R1_stub_E,ACGACGCTCTTCCGATCTGATACCG,,iTru_NheI_R1_RCp_E,/phos/CTAGCGGTATCAGATCGGAAGAGCGTCGTGTAGGGAAAGAGTGT,iTru_EcoRI_R2_4,4,AGTGTAGCT,TRUE,AGCTACACT,TRUE,EcoRI_upper_4,AATTAAGTGTAGCTAGATCGGAAGAGCACACGTAATCC,EcoRI_lower_4,GTGACTGGAGTTCAGACGTGTGCTCTTCCGATCTAGCTACACTT
F,4,F4,iTru_NheI_R1_F,F,AGCGTTG,TRUE,CAACGCT,TRUE,iTru_NheI_R1_stub_F,ACGACGCTCTTCCGATCTAGCGTTGG,,iTru_NheI_R1_RCp_F,/phos/CTAGCCAACGCTAGATCGGAAGAGCGTCGTGTAGGGAAAGAGTGT,iTru_EcoRI_R2_4,4,AGTGTAGCT,TRUE,AGCTACACT,TRUE,EcoRI_upper_4,AATTAAGTGTAGCTAGATCGGAAGAGCACACGTAATCC,EcoRI_lower_4,GTGACTGGAGTTCAGACGTGTGCTCTTCCGATCTAGCTACACTT
G,4,G4,iTru_NheI_R1_G,G,CTGCAACT,TRUE,AGTTGCAG,TRUE,iTru_NheI_R1_stub_G,ACGACGCTCTTCCGATCTCTGCAACTG,,iTru_NheI_R1_RCp_G,/phos/CTAGCAGTTGCAGAGATCGGAAGAGCGTCGTGTAGGGAAAGAGTGT,iTru_EcoRI_R2_4,4,AGTGTAGCT,TRUE,AGCTACACT,TRUE,EcoRI_upper_4,AATTAAGTGTAGCTAGATCGGAAGAGCACACGTAATCC,EcoRI_lower_4,GTGACTGGAGTTCAGACGTGTGCTCTTCCGATCTAGCTACACTT
H,4,H4,iTru_NheI_R1_H,H,TCATGGTCA,TRUE,TGACCATGA,TRUE,iTru_NheI_R1_stub_H,ACGACGCTCTTCCGATCTTCATGGTCAG,,iTru_NheI_R1_RCp_H,/phos/CTAGCTGACCATGAAGATCGGAAGAGCGTCGTGTAGGGAAAGAGTGT,iTru_EcoRI_R2_4,4,AGTGTAGCT,TRUE,AGCTACACT,TRUE,EcoRI_upper_4,AATTAAGTGTAGCTAGATCGGAAGAGCACACGTAATCC,EcoRI_lower_4,GTGACTGGAGTTCAGACGTGTGCTCTTCCGATCTAGCTACACTT
A,5,A5,iTru_NheI_R1_A,A,CCGAAT,TRUE,ATTCGG,TRUE,iTru_NheI_R1_stub_A,ACGACGCTCTTCCGATCTCCGAATG,,iTru_NheI_R1_RCp_A,/phos/CTAGCATTCGGAGATCGGAAGAGCGTCGTGTAGGGAAAGAGTGT,iTru_EcoRI_R2_5,5,ATGCGT,TRUE,ACGCAT,TRUE,EcoRI_upper_5,AATTAATGCGTAGATCGGAAGAGCACACGTAATCC,EcoRI_lower_5,GTGACTGGAGTTCAGACGTGTGCTCTTCCGATCTACGCATT
B,5,B5,iTru_NheI_R1_B,B,TTAGGCA,TRUE,TGCCTAA,TRUE,iTru_NheI_R1_stub_B,ACGACGCTCTTCCGATCTTTAGGCAG,,iTru_NheI_R1_RCp_B,/phos/CTAGCTGCCTAAAGATCGGAAGAGCGTCGTGTAGGGAAAGAGTGT,iTru_EcoRI_R2_5,5,ATGCGT,TRUE,ACGCAT,TRUE,EcoRI_upper_5,AATTAATGCGTAGATCGGAAGAGCACACGTAATCC,EcoRI_lower_5,GTGACTGGAGTTCAGACGTGTGCTCTTCCGATCTACGCATT
C,5,C5,iTru_NheI_R1_C,C,AACTCGTC,TRUE,GACGAGTT,TRUE,iTru_NheI_R1_stub_C,ACGACGCTCTTCCGATCTAACTCGTCG,,iTru_NheI_R1_RCp_C,/phos/CTAGCGACGAGTTAGATCGGAAGAGCGTCGTGTAGGGAAAGAGTGT,iTru_EcoRI_R2_5,5,ATGCGT,TRUE,ACGCAT,TRUE,EcoRI_upper_5,AATTAATGCGTAGATCGGAAGAGCACACGTAATCC,EcoRI_lower_5,GTGACTGGAGTTCAGACGTGTGCTCTTCCGATCTACGCATT
D,5,D5,iTru_NheI_R1_D,D,GGTCTACGT,TRUE,ACGTAGACC,TRUE,iTru_NheI_R1_stub_D,ACGACGCTCTTCCGATCTGGTCTACGTG,,iTru_NheI_R1_RCp_D,/phos/CTAGCACGTAGACCAGATCGGAAGAGCGTCGTGTAGGGAAAGAGTGT,iTru_EcoRI_R2_5,5,ATGCGT,TRUE,ACGCAT,TRUE,EcoRI_upper_5,AATTAATGCGTAGATCGGAAGAGCACACGTAATCC,EcoRI_lower_5,GTGACTGGAGTTCAGACGTGTGCTCTTCCGATCTACGCATT
E,5,E5,iTru_NheI_R1_E,E,GATACC,TRUE,GGTATC,TRUE,iTru_NheI_R1_stub_E,ACGACGCTCTTCCGATCTGATACCG,,iTru_NheI_R1_RCp_E,/phos/CTAGCGGTATCAGATCGGAAGAGCGTCGTGTAGGGAAAGAGTGT,iTru_EcoRI_R2_5,5,ATGCGT,TRUE,ACGCAT,TRUE,EcoRI_upper_5,AATTAATGCGTAGATCGGAAGAGCACACGTAATCC,EcoRI_lower_5,GTGACTGGAGTTCAGACGTGTGCTCTTCCGATCTACGCATT
F,5,F5,iTru_NheI_R1_F,F,AGCGTTG,TRUE,CAACGCT,TRUE,iTru_NheI_R1_stub_F,ACGACGCTCTTCCGATCTAGCGTTGG,,iTru_NheI_R1_RCp_F,/phos/CTAGCCAACGCTAGATCGGAAGAGCGTCGTGTAGGGAAAGAGTGT,iTru_EcoRI_R2_5,5,ATGCGT,TRUE,ACGCAT,TRUE,EcoRI_upper_5,AATTAATGCGTAGATCGGAAGAGCACACGTAATCC,EcoRI_lower_5,GTGACTGGAGTTCAGACGTGTGCTCTTCCGATCTACGCATT
G,5,G5,iTru_NheI_R1_G,G,CTGCAACT,TRUE,AGTTGCAG,TRUE,iTru_NheI_R1_stub_G,ACGACGCTCTTCCGATCTCTGCAACTG,,iTru_NheI_R1_RCp_G,/phos/CTAGCAGTTGCAGAGATCGGAAGAGCGTCGTGTAGGGAAAGAGTGT,iTru_EcoRI_R2_5,5,ATGCGT,TRUE,ACGCAT,TRUE,EcoRI_upper_5,AATTAATGCGTAGATCGGAAGAGCACACGTAATCC,EcoRI_lower_5,GTGACTGGAGTTCAGACGTGTGCTCTTCCGATCTACGCATT
H,5,H5,iTru_NheI_R1_H,H,TCATGGTCA,TRUE,TGACCATGA,TRUE,iTru_NheI_R1_stub_H,ACGACGCTCTTCCGATCTTCATGGTCAG,,iTru_NheI_R1_RCp_H,/phos/CTAGCTGACCATGAAGATCGGAAGAGCGTCGTGTAGGGAAAGAGTGT,iTru_EcoRI_R2_5,5,ATGCGT,TRUE,ACGCAT,TRUE,EcoRI_upper_5,AATTAATGCGTAGATCGGAAGAGCACACGTAATCC,EcoRI_lower_5,GTGACTGGAGTTCAGACGTGTGCTCTTCCGATCTACGCATT
A,6,A6,iTru_NheI_R1_A,A,CCGAAT,TRUE,ATTCGG,TRUE,iTru_NheI_R1_stub_A,ACGACGCTCTTCCGATCTCCGAATG,,iTru_NheI_R1_RCp_A,/phos/CTAGCATTCGGAGATCGGAAGAGCGTCGTGTAGGGAAAGAGTGT,iTru_EcoRI_R2_6,6,TGCATAC,TRUE,GTATGCA,TRUE,EcoRI_upper_6,AATTATGCATACAGATCGGAAGAGCACACGTAATCC,EcoRI_lower_6,GTGACTGGAGTTCAGACGTGTGCTCTTCCGATCTGTATGCAT
B,6,B6,iTru_NheI_R1_B,B,TTAGGCA,TRUE,TGCCTAA,TRUE,iTru_NheI_R1_stub_B,ACGACGCTCTTCCGATCTTTAGGCAG,,iTru_NheI_R1_RCp_B,/phos/CTAGCTGCCTAAAGATCGGAAGAGCGTCGTGTAGGGAAAGAGTGT,iTru_EcoRI_R2_6,6,TGCATAC,TRUE,GTATGCA,TRUE,EcoRI_upper_6,AATTATGCATACAGATCGGAAGAGCACACGTAATCC,EcoRI_lower_6,GTGACTGGAGTTCAGACGTGTGCTCTTCCGATCTGTATGCAT
C,6,C6,iTru_NheI_R1_C,C,AACTCGTC,TRUE,GACGAGTT,TRUE,iTru_NheI_R1_stub_C,ACGACGCTCTTCCGATCTAACTCGTCG,,iTru_NheI_R1_RCp_C,/phos/CTAGCGACGAGTTAGATCGGAAGAGCGTCGTGTAGGGAAAGAGTGT,iTru_EcoRI_R2_6,6,TGCATAC,TRUE,GTATGCA,TRUE,EcoRI_upper_6,AATTATGCATACAGATCGGAAGAGCACACGTAATCC,EcoRI_lower_6,GTGACTGGAGTTCAGACGTGTGCTCTTCCGATCTGTATGCAT
D,6,D6,iTru_NheI_R1_D,D,GGTCTACGT,TRUE,ACGTAGACC,TRUE,iTru_NheI_R1_stub_D,ACGACGCTCTTCCGATCTGGTCTACGTG,,iTru_NheI_R1_RCp_D,/phos/CTAGCACGTAGACCAGATCGGAAGAGCGTCGTGTAGGGAAAGAGTGT,iTru_EcoRI_R2_6,6,TGCATAC,TRUE,GTATGCA,TRUE,EcoRI_upper_6,AATTATGCATACAGATCGGAAGAGCACACGTAATCC,EcoRI_lower_6,GTGACTGGAGTTCAGACGTGTGCTCTTCCGATCTGTATGCAT
E,6,E6,iTru_NheI_R1_E,E,GATACC,TRUE,GGTATC,TRUE,iTru_NheI_R1_stub_E,ACGACGCTCTTCCGATCTGATACCG,,iTru_NheI_R1_RCp_E,/phos/CTAGCGGTATCAGATCGGAAGAGCGTCGTGTAGGGAAAGAGTGT,iTru_EcoRI_R2_6,6,TGCATAC,TRUE,GTATGCA,TRUE,EcoRI_upper_6,AATTATGCATACAGATCGGAAGAGCACACGTAATCC,EcoRI_lower_6,GTGACTGGAGTTCAGACGTGTGCTCTTCCGATCTGTATGCAT
F,6,F6,iTru_NheI_R1_F,F,AGCGTTG,TRUE,CAACGCT,TRUE,iTru_NheI_R1_stub_F,ACGACGCTCTTCCGATCTAGCGTTGG,,iTru_NheI_R1_RCp_F,/phos/CTAGCCAACGCTAGATCGGAAGAGCGTCGTGTAGGGAAAGAGTGT,iTru_EcoRI_R2_6,6,TGCATAC,TRUE,GTATGCA,TRUE,EcoRI_upper_6,AATTATGCATACAGATCGGAAGAGCACACGTAATCC,EcoRI_lower_6,GTGACTGGAGTTCAGACGTGTGCTCTTCCGATCTGTATGCAT
G,6,G6,iTru_NheI_R1_G,G,CTGCAACT,TRUE,AGTTGCAG,TRUE,iTru_NheI_R1_stub_G,ACGACGCTCTTCCGATCTCTGCAACTG,,iTru_NheI_R1_RCp_G,/phos/CTAGCAGTTGCAGAGATCGGAAGAGCGTCGTGTAGGGAAAGAGTGT,iTru_EcoRI_R2_6,6,TGCATAC,TRUE,GTATGCA,TRUE,EcoRI_upper_6,AATTATGCATACAGATCGGAAGAGCACACGTAATCC,EcoRI_lower_6,GTGACTGGAGTTCAGACGTGTGCTCTTCCGATCTGTATGCAT
H,6,H6,iTru_NheI_R1_H,H,TCATGGTCA,TRUE,TGACCATGA,TRUE,iTru_NheI_R1_stub_H,ACGACGCTCTTCCGATCTTCATGGTCAG,,iTru_NheI_R1_RCp_H,/phos/CTAGCTGACCATGAAGATCGGAAGAGCGTCGTGTAGGGAAAGAGTGT,iTru_EcoRI_R2_6,6,TGCATAC,TRUE,GTATGCA,TRUE,EcoRI_upper_6,AATTATGCATACAGATCGGAAGAGCACACGTAATCC,EcoRI_lower_6,GTGACTGGAGTTCAGACGTGTGCTCTTCCGATCTGTATGCAT
A,7,A7,iTru_NheI_R1_A,A,CCGAAT,TRUE,ATTCGG,TRUE,iTru_NheI_R1_stub_A,ACGACGCTCTTCCGATCTCCGAATG,,iTru_NheI_R1_RCp_A,/phos/CTAGCATTCGGAGATCGGAAGAGCGTCGTGTAGGGAAAGAGTGT,iTru_EcoRI_R2_7,7,GACATGTG,TRUE,CACATGTC,TRUE,EcoRI_upper_7,AATTAGACATGTGAGATCGGAAGAGCACACGTAATCC,EcoRI_lower_7,GTGACTGGAGTTCAGACGTGTGCTCTTCCGATCTCACATGTCT
B,7,B7,iTru_NheI_R1_B,B,TTAGGCA,TRUE,TGCCTAA,TRUE,iTru_NheI_R1_stub_B,ACGACGCTCTTCCGATCTTTAGGCAG,,iTru_NheI_R1_RCp_B,/phos/CTAGCTGCCTAAAGATCGGAAGAGCGTCGTGTAGGGAAAGAGTGT,iTru_EcoRI_R2_7,7,GACATGTG,TRUE,CACATGTC,TRUE,EcoRI_upper_7,AATTAGACATGTGAGATCGGAAGAGCACACGTAATCC,EcoRI_lower_7,GTGACTGGAGTTCAGACGTGTGCTCTTCCGATCTCACATGTCT
C,7,C7,iTru_NheI_R1_C,C,AACTCGTC,TRUE,GACGAGTT,TRUE,iTru_NheI_R1_stub_C,ACGACGCTCTTCCGATCTAACTCGTCG,,iTru_NheI_R1_RCp_C,/phos/CTAGCGACGAGTTAGATCGGAAGAGCGTCGTGTAGGGAAAGAGTGT,iTru_EcoRI_R2_7,7,GACATGTG,TRUE,CACATGTC,TRUE,EcoRI_upper_7,AATTAGACATGTGAGATCGGAAGAGCACACGTAATCC,EcoRI_lower_7,GTGACTGGAGTTCAGACGTGTGCTCTTCCGATCTCACATGTCT
D,7,D7,iTru_NheI_R1_D,D,GGTCTACGT,TRUE,ACGTAGACC,TRUE,iTru_NheI_R1_stub_D,ACGACGCTCTTCCGATCTGGTCTACGTG,,iTru_NheI_R1_RCp_D,/phos/CTAGCACGTAGACCAGATCGGAAGAGCGTCGTGTAGGGAAAGAGTGT,iTru_EcoRI_R2_7,7,GACATGTG,TRUE,CACATGTC,TRUE,EcoRI_upper_7,AATTAGACATGTGAGATCGGAAGAGCACACGTAATCC,EcoRI_lower_7,GTGACTGGAGTTCAGACGTGTGCTCTTCCGATCTCACATGTCT
E,7,E7,iTru_NheI_R1_E,E,GATACC,TRUE,GGTATC,TRUE,iTru_NheI_R1_stub_E,ACGACGCTCTTCCGATCTGATACCG,,iTru_NheI_R1_RCp_E,/phos/CTAGCGGTATCAGATCGGAAGAGCGTCGTGTAGGGAAAGAGTGT,iTru_EcoRI_R2_7,7,GACATGTG,TRUE,CACATGTC,TRUE,EcoRI_upper_7,AATTAGACATGTGAGATCGGAAGAGCACACGTAATCC,EcoRI_lower_7,GTGACTGGAGTTCAGACGTGTGCTCTTCCGATCTCACATGTCT
F,7,F7,iTru_NheI_R1_F,F,AGCGTTG,TRUE,CAACGCT,TRUE,iTru_NheI_R1_stub_F,ACGACGCTCTTCCGATCTAGCGTTGG,,iTru_NheI_R1_RCp_F,/phos/CTAGCCAACGCTAGATCGGAAGAGCGTCGTGTAGGGAAAGAGTGT,iTru_EcoRI_R2_7,7,GACATGTG,TRUE,CACATGTC,TRUE,EcoRI_upper_7,AATTAGACATGTGAGATCGGAAGAGCACACGTAATCC,EcoRI_lower_7,GTGACTGGAGTTCAGACGTGTGCTCTTCCGATCTCACATGTCT
G,7,G7,iTru_NheI_R1_G,G,CTGCAACT,TRUE,AGTTGCAG,TRUE,iTru_NheI_R1_stub_G,ACGACGCTCTTCCGATCTCTGCAACTG,,iTru_NheI_R1_RCp_G,/phos/CTAGCAGTTGCAGAGATCGGAAGAGCGTCGTGTAGGGAAAGAGTGT,iTru_EcoRI_R2_7,7,GACATGTG,TRUE,CACATGTC,TRUE,EcoRI_upper_7,AATTAGACATGTGAGATCGGAAGAGCACACGTAATCC,EcoRI_lower_7,GTGACTGGAGTTCAGACGTGTGCTCTTCCGATCTCACATGTCT
H,7,H7,iTru_NheI_R1_H,H,TCATGGTCA,TRUE,TGACCATGA,TRUE,iTru_NheI_R1_stub_H,ACGACGCTCTTCCGATCTTCATGGTCAG,,iTru_NheI_R1_RCp_H,/phos/CTAGCTGACCATGAAGATCGGAAGAGCGTCGTGTAGGGAAAGAGTGT,iTru_EcoRI_R2_7,7,GACATGTG,TRUE,CACATGTC,TRUE,EcoRI_upper_7,AATTAGACATGTGAGATCGGAAGAGCACACGTAATCC,EcoRI_lower_7,GTGACTGGAGTTCAGACGTGTGCTCTTCCGATCTCACATGTCT
A,8,A8,iTru_NheI_R1_A,A,CCGAAT,TRUE,ATTCGG,TRUE,iTru_NheI_R1_stub_A,ACGACGCTCTTCCGATCTCCGAATG,,iTru_NheI_R1_RCp_A,/phos/CTAGCATTCGGAGATCGGAAGAGCGTCGTGTAGGGAAAGAGTGT,iTru_EcoRI_R2_8,8,TCGTGCACA,TRUE,TGTGCACGA,TRUE,EcoRI_upper_8,AATTATCGTGCACAAGATCGGAAGAGCACACGTAATCC,EcoRI_lower_8,GTGACTGGAGTTCAGACGTGTGCTCTTCCGATCTTGTGCACGAT
B,8,B8,iTru_NheI_R1_B,B,TTAGGCA,TRUE,TGCCTAA,TRUE,iTru_NheI_R1_stub_B,ACGACGCTCTTCCGATCTTTAGGCAG,,iTru_NheI_R1_RCp_B,/phos/CTAGCTGCCTAAAGATCGGAAGAGCGTCGTGTAGGGAAAGAGTGT,iTru_EcoRI_R2_8,8,TCGTGCACA,TRUE,TGTGCACGA,TRUE,EcoRI_upper_8,AATTATCGTGCACAAGATCGGAAGAGCACACGTAATCC,EcoRI_lower_8,GTGACTGGAGTTCAGACGTGTGCTCTTCCGATCTTGTGCACGAT
C,8,C8,iTru_NheI_R1_C,C,AACTCGTC,TRUE,GACGAGTT,TRUE,iTru_NheI_R1_stub_C,ACGACGCTCTTCCGATCTAACTCGTCG,,iTru_NheI_R1_RCp_C,/phos/CTAGCGACGAGTTAGATCGGAAGAGCGTCGTGTAGGGAAAGAGTGT,iTru_EcoRI_R2_8,8,TCGTGCACA,TRUE,TGTGCACGA,TRUE,EcoRI_upper_8,AATTATCGTGCACAAGATCGGAAGAGCACACGTAATCC,EcoRI_lower_8,GTGACTGGAGTTCAGACGTGTGCTCTTCCGATCTTGTGCACGAT
D,8,D8,iTru_NheI_R1_D,D,GGTCTACGT,TRUE,ACGTAGACC,TRUE,iTru_NheI_R1_stub_D,ACGACGCTCTTCCGATCTGGTCTACGTG,,iTru_NheI_R1_RCp_D,/phos/CTAGCACGTAGACCAGATCGGAAGAGCGTCGTGTAGGGAAAGAGTGT,iTru_EcoRI_R2_8,8,TCGTGCACA,TRUE,TGTGCACGA,TRUE,EcoRI_upper_8,AATTATCGTGCACAAGATCGGAAGAGCACACGTAATCC,EcoRI_lower_8,GTGACTGGAGTTCAGACGTGTGCTCTTCCGATCTTGTGCACGAT
E,8,E8,iTru_NheI_R1_E,E,GATACC,TRUE,GGTATC,TRUE,iTru_NheI_R1_stub_E,ACGACGCTCTTCCGATCTGATACCG,,iTru_NheI_R1_RCp_E,/phos/CTAGCGGTATCAGATCGGAAGAGCGTCGTGTAGGGAAAGAGTGT,iTru_EcoRI_R2_8,8,TCGTGCACA,TRUE,TGTGCACGA,TRUE,EcoRI_upper_8,AATTATCGTGCACAAGATCGGAAGAGCACACGTAATCC,EcoRI_lower_8,GTGACTGGAGTTCAGACGTGTGCTCTTCCGATCTTGTGCACGAT
F,8,F8,iTru_NheI_R1_F,F,AGCGTTG,TRUE,CAACGCT,TRUE,iTru_NheI_R1_stub_F,ACGACGCTCTTCCGATCTAGCGTTGG,,iTru_NheI_R1_RCp_F,/phos/CTAGCCAACGCTAGATCGGAAGAGCGTCGTGTAGGGAAAGAGTGT,iTru_EcoRI_R2_8,8,TCGTGCACA,TRUE,TGTGCACGA,TRUE,EcoRI_upper_8,AATTATCGTGCACAAGATCGGAAGAGCACACGTAATCC,EcoRI_lower_8,GTGACTGGAGTTCAGACGTGTGCTCTTCCGATCTTGTGCACGAT
G,8,G8,iTru_NheI_R1_G,G,CTGCAACT,TRUE,AGTTGCAG,TRUE,iTru_NheI_R1_stub_G,ACGACGCTCTTCCGATCTCTGCAACTG,,iTru_NheI_R1_RCp_G,/phos/CTAGCAGTTGCAGAGATCGGAAGAGCGTCGTGTAGGGAAAGAGTGT,iTru_EcoRI_R2_8,8,TCGTGCACA,TRUE,TGTGCACGA,TRUE,EcoRI_upper_8,AATTATCGTGCACAAGATCGGAAGAGCACACGTAATCC,EcoRI_lower_8,GTGACTGGAGTTCAGACGTGTGCTCTTCCGATCTTGTGCACGAT
H,8,H8,iTru_NheI_R1_H,H,TCATGGTCA,TRUE,TGACCATGA,TRUE,iTru_NheI_R1_stub_H,ACGACGCTCTTCCGATCTTCATGGTCAG,,iTru_NheI_R1_RCp_H,/phos/CTAGCTGACCATGAAGATCGGAAGAGCGTCGTGTAGGGAAAGAGTGT,iTru_EcoRI_R2_8,8,TCGTGCACA,TRUE,TGTGCACGA,TRUE,EcoRI_upper_8,AATTATCGTGCACAAGATCGGAAGAGCACACGTAATCC,EcoRI_lower_8,GTGACTGGAGTTCAGACGTGTGCTCTTCCGATCTTGTGCACGAT
A,9,A9,iTru_NheI_R1_A,A,CCGAAT,TRUE,ATTCGG,TRUE,iTru_NheI_R1_stub_A,ACGACGCTCTTCCGATCTCCGAATG,,iTru_NheI_R1_RCp_A,/phos/CTAGCATTCGGAGATCGGAAGAGCGTCGTGTAGGGAAAGAGTGT,iTru_EcoRI_R2_9,9,TGATGC,TRUE,GCATCA,TRUE,EcoRI_upper_9,AATTATGATGCAGATCGGAAGAGCACACGTAATCC,EcoRI_lower_9,GTGACTGGAGTTCAGACGTGTGCTCTTCCGATCTGCATCAT
B,9,B9,iTru_NheI_R1_B,B,TTAGGCA,TRUE,TGCCTAA,TRUE,iTru_NheI_R1_stub_B,ACGACGCTCTTCCGATCTTTAGGCAG,,iTru_NheI_R1_RCp_B,/phos/CTAGCTGCCTAAAGATCGGAAGAGCGTCGTGTAGGGAAAGAGTGT,iTru_EcoRI_R2_9,9,TGATGC,TRUE,GCATCA,TRUE,EcoRI_upper_9,AATTATGATGCAGATCGGAAGAGCACACGTAATCC,EcoRI_lower_9,GTGACTGGAGTTCAGACGTGTGCTCTTCCGATCTGCATCAT
C,9,C9,iTru_NheI_R1_C,C,AACTCGTC,TRUE,GACGAGTT,TRUE,iTru_NheI_R1_stub_C,ACGACGCTCTTCCGATCTAACTCGTCG,,iTru_NheI_R1_RCp_C,/phos/CTAGCGACGAGTTAGATCGGAAGAGCGTCGTGTAGGGAAAGAGTGT,iTru_EcoRI_R2_9,9,TGATGC,TRUE,GCATCA,TRUE,EcoRI_upper_9,AATTATGATGCAGATCGGAAGAGCACACGTAATCC,EcoRI_lower_9,GTGACTGGAGTTCAGACGTGTGCTCTTCCGATCTGCATCAT
D,9,D9,iTru_NheI_R1_D,D,GGTCTACGT,TRUE,ACGTAGACC,TRUE,iTru_NheI_R1_stub_D,ACGACGCTCTTCCGATCTGGTCTACGTG,,iTru_NheI_R1_RCp_D,/phos/CTAGCACGTAGACCAGATCGGAAGAGCGTCGTGTAGGGAAAGAGTGT,iTru_EcoRI_R2_9,9,TGATGC,TRUE,GCATCA,TRUE,EcoRI_upper_9,AATTATGATGCAGATCGGAAGAGCACACGTAATCC,EcoRI_lower_9,GTGACTGGAGTTCAGACGTGTGCTCTTCCGATCTGCATCAT
E,9,E9,iTru_NheI_R1_E,E,GATACC,TRUE,GGTATC,TRUE,iTru_NheI_R1_stub_E,ACGACGCTCTTCCGATCTGATACCG,,iTru_NheI_R1_RCp_E,/phos/CTAGCGGTATCAGATCGGAAGAGCGTCGTGTAGGGAAAGAGTGT,iTru_EcoRI_R2_9,9,TGATGC,TRUE,GCATCA,TRUE,EcoRI_upper_9,AATTATGATGCAGATCGGAAGAGCACACGTAATCC,EcoRI_lower_9,GTGACTGGAGTTCAGACGTGTGCTCTTCCGATCTGCATCAT
F,9,F9,iTru_NheI_R1_F,F,AGCGTTG,TRUE,CAACGCT,TRUE,iTru_NheI_R1_stub_F,ACGACGCTCTTCCGATCTAGCGTTGG,,iTru_NheI_R1_RCp_F,/phos/CTAGCCAACGCTAGATCGGAAGAGCGTCGTGTAGGGAAAGAGTGT,iTru_EcoRI_R2_9,9,TGATGC,TRUE,GCATCA,TRUE,EcoRI_upper_9,AATTATGATGCAGATCGGAAGAGCACACGTAATCC,EcoRI_lower_9,GTGACTGGAGTTCAGACGTGTGCTCTTCCGATCTGCATCAT
G,9,G9,iTru_NheI_R1_G,G,CTGCAACT,TRUE,AGTTGCAG,TRUE,iTru_NheI_R1_stub_G,ACGACGCTCTTCCGATCTCTGCAACTG,,iTru_NheI_R1_RCp_G,/phos/CTAGCAGTTGCAGAGATCGGAAGAGCGTCGTGTAGGGAAAGAGTGT,iTru_EcoRI_R2_9,9,TGATGC,TRUE,GCATCA,TRUE,EcoRI_upper_9,AATTATGATGCAGATCGGAAGAGCACACGTAATCC,EcoRI_lower_9,GTGACTGGAGTTCAGACGTGTGCTCTTCCGATCTGCATCAT
H,9,H9,iTru_NheI_R1_H,H,TCATGGTCA,TRUE,TGACCATGA,TRUE,iTru_NheI_R1_stub_H,ACGACGCTCTTCCGATCTTCATGGTCAG,,iTru_NheI_R1_RCp_H,/phos/CTAGCTGACCATGAAGATCGGAAGAGCGTCGTGTAGGGAAAGAGTGT,iTru_EcoRI_R2_9,9,TGATGC,TRUE,GCATCA,TRUE,EcoRI_upper_9,AATTATGATGCAGATCGGAAGAGCACACGTAATCC,EcoRI_lower_9,GTGACTGGAGTTCAGACGTGTGCTCTTCCGATCTGCATCAT
A,10,A10,iTru_NheI_R1_A,A,CCGAAT,TRUE,ATTCGG,TRUE,iTru_NheI_R1_stub_A,ACGACGCTCTTCCGATCTCCGAATG,,iTru_NheI_R1_RCp_A,/phos/CTAGCATTCGGAGATCGGAAGAGCGTCGTGTAGGGAAAGAGTGT,iTru_EcoRI_R2_10,10,ACAGCAT,TRUE,ATGCTGT,TRUE,EcoRI_upper_10,AATTAACAGCATAGATCGGAAGAGCACACGTAATCC,EcoRI_lower_10,GTGACTGGAGTTCAGACGTGTGCTCTTCCGATCTATGCTGTT
B,10,B10,iTru_NheI_R1_B,B,TTAGGCA,TRUE,TGCCTAA,TRUE,iTru_NheI_R1_stub_B,ACGACGCTCTTCCGATCTTTAGGCAG,,iTru_NheI_R1_RCp_B,/phos/CTAGCTGCCTAAAGATCGGAAGAGCGTCGTGTAGGGAAAGAGTGT,iTru_EcoRI_R2_10,10,ACAGCAT,TRUE,ATGCTGT,TRUE,EcoRI_upper_10,AATTAACAGCATAGATCGGAAGAGCACACGTAATCC,EcoRI_lower_10,GTGACTGGAGTTCAGACGTGTGCTCTTCCGATCTATGCTGTT
C,10,C10,iTru_NheI_R1_C,C,AACTCGTC,TRUE,GACGAGTT,TRUE,iTru_NheI_R1_stub_C,ACGACGCTCTTCCGATCTAACTCGTCG,,iTru_NheI_R1_RCp_C,/phos/CTAGCGACGAGTTAGATCGGAAGAGCGTCGTGTAGGGAAAGAGTGT,iTru_EcoRI_R2_10,10,ACAGCAT,TRUE,ATGCTGT,TRUE,EcoRI_upper_10,AATTAACAGCATAGATCGGAAGAGCACACGTAATCC,EcoRI_lower_10,GTGACTGGAGTTCAGACGTGTGCTCTTCCGATCTATGCTGTT
D,10,D10,iTru_NheI_R1_D,D,GGTCTACGT,TRUE,ACGTAGACC,TRUE,iTru_NheI_R1_stub_D,ACGACGCTCTTCCGATCTGGTCTACGTG,,iTru_NheI_R1_RCp_D,/phos/CTAGCACGTAGACCAGATCGGAAGAGCGTCGTGTAGGGAAAGAGTGT,iTru_EcoRI_R2_10,10,ACAGCAT,TRUE,ATGCTGT,TRUE,EcoRI_upper_10,AATTAACAGCATAGATCGGAAGAGCACACGTAATCC,EcoRI_lower_10,GTGACTGGAGTTCAGACGTGTGCTCTTCCGATCTATGCTGTT
E,10,E10,iTru_NheI_R1_E,E,GATACC,TRUE,GGTATC,TRUE,iTru_NheI_R1_stub_E,ACGACGCTCTTCCGATCTGATACCG,,iTru_NheI_R1_RCp_E,/phos/CTAGCGGTATCAGATCGGAAGAGCGTCGTGTAGGGAAAGAGTGT,iTru_EcoRI_R2_10,10,ACAGCAT,TRUE,ATGCTGT,TRUE,EcoRI_upper_10,AATTAACAGCATAGATCGGAAGAGCACACGTAATCC,EcoRI_lower_10,GTGACTGGAGTTCAGACGTGTGCTCTTCCGATCTATGCTGTT
F,10,F10,iTru_NheI_R1_F,F,AGCGTTG,TRUE,CAACGCT,TRUE,iTru_NheI_R1_stub_F,ACGACGCTCTTCCGATCTAGCGTTGG,,iTru_NheI_R1_RCp_F,/phos/CTAGCCAACGCTAGATCGGAAGAGCGTCGTGTAGGGAAAGAGTGT,iTru_EcoRI_R2_10,10,ACAGCAT,TRUE,ATGCTGT,TRUE,EcoRI_upper_10,AATTAACAGCATAGATCGGAAGAGCACACGTAATCC,EcoRI_lower_10,GTGACTGGAGTTCAGACGTGTGCTCTTCCGATCTATGCTGTT
G,10,G10,iTru_NheI_R1_G,G,CTGCAACT,TRUE,AGTTGCAG,TRUE,iTru_NheI_R1_stub_G,ACGACGCTCTTCCGATCTCTGCAACTG,,iTru_NheI_R1_RCp_G,/phos/CTAGCAGTTGCAGAGATCGGAAGAGCGTCGTGTAGGGAAAGAGTGT,iTru_EcoRI_R2_10,10,ACAGCAT,TRUE,ATGCTGT,TRUE,EcoRI_upper_10,AATTAACAGCATAGATCGGAAGAGCACACGTAATCC,EcoRI_lower_10,GTGACTGGAGTTCAGACGTGTGCTCTTCCGATCTATGCTGTT
H,10,H10,iTru_NheI_R1_H,H,TCATGGTCA,TRUE,TGACCATGA,TRUE,iTru_NheI_R1_stub_H,ACGACGCTCTTCCGATCTTCATGGTCAG,,iTru_NheI_R1_RCp_H,/phos/CTAGCTGACCATGAAGATCGGAAGAGCGTCGTGTAGGGAAAGAGTGT,iTru_EcoRI_R2_10,10,ACAGCAT,TRUE,ATGCTGT,TRUE,EcoRI_upper_10,AATTAACAGCATAGATCGGAAGAGCACACGTAATCC,EcoRI_lower_10,GTGACTGGAGTTCAGACGTGTGCTCTTCCGATCTATGCTGTT
A,11,A11,iTru_NheI_R1_A,A,CCGAAT,TRUE,ATTCGG,TRUE,iTru_NheI_R1_stub_A,ACGACGCTCTTCCGATCTCCGAATG,,iTru_NheI_R1_RCp_A,/phos/CTAGCATTCGGAGATCGGAAGAGCGTCGTGTAGGGAAAGAGTGT,iTru_EcoRI_R2_11,11,AGGTCATG,TRUE,CATGACCT,TRUE,EcoRI_upper_11,AATTAAGGTCATGAGATCGGAAGAGCACACGTAATCC,EcoRI_lower_11,GTGACTGGAGTTCAGACGTGTGCTCTTCCGATCTCATGACCTT
B,11,B11,iTru_NheI_R1_B,B,TTAGGCA,TRUE,TGCCTAA,TRUE,iTru_NheI_R1_stub_B,ACGACGCTCTTCCGATCTTTAGGCAG,,iTru_NheI_R1_RCp_B,/phos/CTAGCTGCCTAAAGATCGGAAGAGCGTCGTGTAGGGAAAGAGTGT,iTru_EcoRI_R2_11,11,AGGTCATG,TRUE,CATGACCT,TRUE,EcoRI_upper_11,AATTAAGGTCATGAGATCGGAAGAGCACACGTAATCC,EcoRI_lower_11,GTGACTGGAGTTCAGACGTGTGCTCTTCCGATCTCATGACCTT
C,11,C11,iTru_NheI_R1_C,C,AACTCGTC,TRUE,GACGAGTT,TRUE,iTru_NheI_R1_stub_C,ACGACGCTCTTCCGATCTAACTCGTCG,,iTru_NheI_R1_RCp_C,/phos/CTAGCGACGAGTTAGATCGGAAGAGCGTCGTGTAGGGAAAGAGTGT,iTru_EcoRI_R2_11,11,AGGTCATG,TRUE,CATGACCT,TRUE,EcoRI_upper_11,AATTAAGGTCATGAGATCGGAAGAGCACACGTAATCC,EcoRI_lower_11,GTGACTGGAGTTCAGACGTGTGCTCTTCCGATCTCATGACCTT
D,11,D11,iTru_NheI_R1_D,D,GGTCTACGT,TRUE,ACGTAGACC,TRUE,iTru_NheI_R1_stub_D,ACGACGCTCTTCCGATCTGGTCTACGTG,,iTru_NheI_R1_RCp_D,/phos/CTAGCACGTAGACCAGATCGGAAGAGCGTCGTGTAGGGAAAGAGTGT,iTru_EcoRI_R2_11,11,AGGTCATG,TRUE,CATGACCT,TRUE,EcoRI_upper_11,AATTAAGGTCATGAGATCGGAAGAGCACACGTAATCC,EcoRI_lower_11,GTGACTGGAGTTCAGACGTGTGCTCTTCCGATCTCATGACCTT
E,11,E11,iTru_NheI_R1_E,E,GATACC,TRUE,GGTATC,TRUE,iTru_NheI_R1_stub_E,ACGACGCTCTTCCGATCTGATACCG,,iTru_NheI_R1_RCp_E,/phos/CTAGCGGTATCAGATCGGAAGAGCGTCGTGTAGGGAAAGAGTGT,iTru_EcoRI_R2_11,11,AGGTCATG,TRUE,CATGACCT,TRUE,EcoRI_upper_11,AATTAAGGTCATGAGATCGGAAGAGCACACGTAATCC,EcoRI_lower_11,GTGACTGGAGTTCAGACGTGTGCTCTTCCGATCTCATGACCTT
F,11,F11,iTru_NheI_R1_F,F,AGCGTTG,TRUE,CAACGCT,TRUE,iTru_NheI_R1_stub_F,ACGACGCTCTTCCGATCTAGCGTTGG,,iTru_NheI_R1_RCp_F,/phos/CTAGCCAACGCTAGATCGGAAGAGCGTCGTGTAGGGAAAGAGTGT,iTru_EcoRI_R2_11,11,AGGTCATG,TRUE,CATGACCT,TRUE,EcoRI_upper_11,AATTAAGGTCATGAGATCGGAAGAGCACACGTAATCC,EcoRI_lower_11,GTGACTGGAGTTCAGACGTGTGCTCTTCCGATCTCATGACCTT
G,11,G11,iTru_NheI_R1_G,G,CTGCAACT,TRUE,AGTTGCAG,TRUE,iTru_NheI_R1_stub_G,ACGACGCTCTTCCGATCTCTGCAACTG,,iTru_NheI_R1_RCp_G,/phos/CTAGCAGTTGCAGAGATCGGAAGAGCGTCGTGTAGGGAAAGAGTGT,iTru_EcoRI_R2_11,11,AGGTCATG,TRUE,CATGACCT,TRUE,EcoRI_upper_11,AATTAAGGTCATGAGATCGGAAGAGCACACGTAATCC,EcoRI_lower_11,GTGACTGGAGTTCAGACGTGTGCTCTTCCGATCTCATGACCTT
H,11,H11,iTru_NheI_R1_H,H,TCATGGTCA,TRUE,TGACCATGA,TRUE,iTru_NheI_R1_stub_H,ACGACGCTCTTCCGATCTTCATGGTCAG,,iTru_NheI_R1_RCp_H,/phos/CTAGCTGACCATGAAGATCGGAAGAGCGTCGTGTAGGGAAAGAGTGT,iTru_EcoRI_R2_11,11,AGGTCATG,TRUE,CATGACCT,TRUE,EcoRI_upper_11,AATTAAGGTCATGAGATCGGAAGAGCACACGTAATCC,EcoRI_lower_11,GTGACTGGAGTTCAGACGTGTGCTCTTCCGATCTCATGACCTT
A,12,A12,iTru_NheI_R1_A,A,CCGAAT,TRUE,ATTCGG,TRUE,iTru_NheI_R1_stub_A,ACGACGCTCTTCCGATCTCCGAATG,,iTru_NheI_R1_RCp_A,/phos/CTAGCATTCGGAGATCGGAAGAGCGTCGTGTAGGGAAAGAGTGT,iTru_EcoRI_R2_12,12,CTCACTGCA,TRUE,TGCAGTGAG,TRUE,EcoRI_upper_12,AATTACTCACTGCAAGATCGGAAGAGCACACGTAATCC,EcoRI_lower_12,GTGACTGGAGTTCAGACGTGTGCTCTTCCGATCTTGCAGTGAGT
B,12,B12,iTru_NheI_R1_B,B,TTAGGCA,TRUE,TGCCTAA,TRUE,iTru_NheI_R1_stub_B,ACGACGCTCTTCCGATCTTTAGGCAG,,iTru_NheI_R1_RCp_B,/phos/CTAGCTGCCTAAAGATCGGAAGAGCGTCGTGTAGGGAAAGAGTGT,iTru_EcoRI_R2_12,12,CTCACTGCA,TRUE,TGCAGTGAG,TRUE,EcoRI_upper_12,AATTACTCACTGCAAGATCGGAAGAGCACACGTAATCC,EcoRI_lower_12,GTGACTGGAGTTCAGACGTGTGCTCTTCCGATCTTGCAGTGAGT
C,12,C12,iTru_NheI_R1_C,C,AACTCGTC,TRUE,GACGAGTT,TRUE,iTru_NheI_R1_stub_C,ACGACGCTCTTCCGATCTAACTCGTCG,,iTru_NheI_R1_RCp_C,/phos/CTAGCGACGAGTTAGATCGGAAGAGCGTCGTGTAGGGAAAGAGTGT,iTru_EcoRI_R2_12,12,CTCACTGCA,TRUE,TGCAGTGAG,TRUE,EcoRI_upper_12,AATTACTCACTGCAAGATCGGAAGAGCACACGTAATCC,EcoRI_lower_12,GTGACTGGAGTTCAGACGTGTGCTCTTCCGATCTTGCAGTGAGT
D,12,D12,iTru_NheI_R1_D,D,GGTCTACGT,TRUE,ACGTAGACC,TRUE,iTru_NheI_R1_stub_D,ACGACGCTCTTCCGATCTGGTCTACGTG,,iTru_NheI_R1_RCp_D,/phos/CTAGCACGTAGACCAGATCGGAAGAGCGTCGTGTAGGGAAAGAGTGT,iTru_EcoRI_R2_12,12,CTCACTGCA,TRUE,TGCAGTGAG,TRUE,EcoRI_upper_12,AATTACTCACTGCAAGATCGGAAGAGCACACGTAATCC,EcoRI_lower_12,GTGACTGGAGTTCAGACGTGTGCTCTTCCGATCTTGCAGTGAGT
E,12,E12,iTru_NheI_R1_E,E,GATACC,TRUE,GGTATC,TRUE,iTru_NheI_R1_stub_E,ACGACGCTCTTCCGATCTGATACCG,,iTru_NheI_R1_RCp_E,/phos/CTAGCGGTATCAGATCGGAAGAGCGTCGTGTAGGGAAAGAGTGT,iTru_EcoRI_R2_12,12,CTCACTGCA,TRUE,TGCAGTGAG,TRUE,EcoRI_upper_12,AATTACTCACTGCAAGATCGGAAGAGCACACGTAATCC,EcoRI_lower_12,GTGACTGGAGTTCAGACGTGTGCTCTTCCGATCTTGCAGTGAGT
F,12,F12,iTru_NheI_R1_F,F,AGCGTTG,TRUE,CAACGCT,TRUE,iTru_NheI_R1_stub_F,ACGACGCTCTTCCGATCTAGCGTTGG,,iTru_NheI_R1_RCp_F,/phos/CTAGCCAACGCTAGATCGGAAGAGCGTCGTGTAGGGAAAGAGTGT,iTru_EcoRI_R2_12,12,CTCACTGCA,TRUE,TGCAGTGAG,TRUE,EcoRI_upper_12,AATTACTCACTGCAAGATCGGAAGAGCACACGTAATCC,EcoRI_lower_12,GTGACTGGAGTTCAGACGTGTGCTCTTCCGATCTTGCAGTGAGT
G,12,G12,iTru_NheI_R1_G,G,CTGCAACT,TRUE,AGTTGCAG,TRUE,iTru_NheI_R1_stub_G,ACGACGCTCTTCCGATCTCTGCAACTG,,iTru_NheI_R1_RCp_G,/phos/CTAGCAGTTGCAGAGATCGGAAGAGCGTCGTGTAGGGAAAGAGTGT,iTru_EcoRI_R2_12,12,CTCACTGCA,TRUE,TGCAGTGAG,TRUE,EcoRI_upper_12,AATTACTCACTGCAAGATCGGAAGAGCACACGTAATCC,EcoRI_lower_12,GTGACTGGAGTTCAGACGTGTGCTCTTCCGATCTTGCAGTGAGT
H,12,H12,iTru_NheI_R1_H,H,TCATGGTCA,TRUE,TGACCATGA,TRUE,iTru_NheI_R1_stub_H,ACGACGCTCTTCCGATCTTCATGGTCAG,,iTru_NheI_R1_RCp_H,/phos/CTAGCTGACCATGAAGATCGGAAGAGCGTCGTGTAGGGAAAGAGTGT,iTru_EcoRI_R2_12,12,CTCACTGCA,TRUE,TGCAGTGAG,TRUE,EcoRI_upper_12,AATTACTCACTGCAAGATCGGAAGAGCACACGTAATCC,EcoRI_lower_12,GTGACTGGAGTTCAGACGTGTGCTCTTCCGATCTTGCAGTGAGT