1	CCGAAT	CTAACG	EY-PER-13/0285
1	TTAGGCA	CTAACG	EY-PER-13/0287
1	AACTCGTC	CTAACG	EY-PER-13/0022
1	GGTCTACGT	CTAACG	EY-PER-13/0004
1	GATACC	CTAACG	DUR043
1	AGCGTTG	CTAACG	EY-PER-13/0011
1	CTGCAACT	CTAACG	DUR-13-0137
1	TCATGGTCA	CTAACG	EY-PER-13/0002
1	CCGAAT	TCGGTAC	DUR-13-0145
1	TTAGGCA	TCGGTAC	EY-PER-13/0044
1	AACTCGTC	TCGGTAC	DUR041
1	GGTCTACGT	TCGGTAC	DUR-13-0161
1	GATACC	TCGGTAC	DUR-13-0158
1	AGCGTTG	TCGGTAC	DUR-13-0039
1	CTGCAACT	TCGGTAC	DUR-13-0117
1	TCATGGTCA	TCGGTAC	DUR-13-0148
1	CCGAAT	GATCGTTG	DUR301
1	TTAGGCA	GATCGTTG	EY-PER-13/0026
1	AACTCGTC	GATCGTTG	DUR-13-0083
1	GGTCTACGT	GATCGTTG	DUR-13-0163
1	GATACC	GATCGTTG	DUR-13-0082
1	AGCGTTG	GATCGTTG	DUR-13-0036
1	CTGCAACT	GATCGTTG	DUR-13-0166
1	TCATGGTCA	GATCGTTG	DUR014B
1	CCGAAT	AGCTACACT	DUR-13-0147
1	TTAGGCA	AGCTACACT	DUR-13-0038
1	AACTCGTC	AGCTACACT	DUR-13-0134
1	GGTCTACGT	AGCTACACT	DUR-13-0149
1	GATACC	AGCTACACT	DUR-13-0037
1	AGCGTTG	AGCTACACT	DUR-13-0167
1	CTGCAACT	AGCTACACT	DG-13-0038_B
1	TCATGGTCA	AGCTACACT	DUR-13-0155
1	CCGAAT	ACGCAT	DUR-13-0054
1	TTAGGCA	ACGCAT	DUR-13-0040
1	AACTCGTC	ACGCAT	DUR-13-0133
1	GGTCTACGT	ACGCAT	DUR014A
1	GATACC	ACGCAT	DUR012A
1	AGCGTTG	ACGCAT	DUR-13-0045
1	CTGCAACT	ACGCAT	DUR-13-0080
1	TCATGGTCA	ACGCAT	DUR101
1	CCGAAT	GTATGCA	DUR-13-0154
1	TTAGGCA	GTATGCA	DUR-13-0008
1	AACTCGTC	GTATGCA	DUR-13-0052
1	GGTCTACGT	GTATGCA	DG-13-0032_B
1	GATACC	GTATGCA	DG-13-0048_A
1	AGCGTTG	GTATGCA	DUR-13-0132
1	CTGCAACT	GTATGCA	DG-13-0038_A
1	TCATGGTCA	GTATGCA	DG-13-0031_A
1	CCGAAT	CACATGTC	DG-13-0001_D
1	TTAGGCA	CACATGTC	DUR-13-0012
1	AACTCGTC	CACATGTC	DUR-13-0010
1	GGTCTACGT	CACATGTC	DUR-13-0130
1	GATACC	CACATGTC	DUR001A
1	AGCGTTG	CACATGTC	DG-13-0001_B
1	CTGCAACT	CACATGTC	DG-13-0001_C
1	TCATGGTCA	CACATGTC	DUR104A
1	CCGAAT	TGTGCACGA	EY-PER-13/0563
1	TTAGGCA	TGTGCACGA	DUR042
1	AACTCGTC	TGTGCACGA	DUR103
1	GGTCTACGT	TGTGCACGA	EY-PER-13/0133
1	GATACC	TGTGCACGA	DUR304
1	AGCGTTG	TGTGCACGA	DUR006
1	CTGCAACT	TGTGCACGA	DUR121A
1	TCATGGTCA	TGTGCACGA	EY-PER-13/0008
1	CCGAAT	GCATCA	EY-PER-13/0056
1	TTAGGCA	GCATCA	EY-PER-13/0091
1	AACTCGTC	GCATCA	DUR002
1	GGTCTACGT	GCATCA	DUR-NI2_A
1	GATACC	GCATCA	EY-PER-13/0019
1	AGCGTTG	GCATCA	DUR015A
1	CTGCAACT	GCATCA	EY-PER-13/0065
1	TCATGGTCA	GCATCA	DUR-13-0043
1	CCGAAT	ATGCTGT	EY-PER-13/0606
1	TTAGGCA	ATGCTGT	DUR113A
1	AACTCGTC	ATGCTGT	EY-PER-13/0005
1	GGTCTACGT	ATGCTGT	COR001
1	GATACC	ATGCTGT	DUR013B
1	AGCGTTG	ATGCTGT	DUR021
1	CTGCAACT	ATGCTGT	DUR-13-0019
1	TCATGGTCA	ATGCTGT	DUR121B
1	CCGAAT	CATGACCT	DUR005
1	TTAGGCA	CATGACCT	DUR004
1	AACTCGTC	CATGACCT	COR005
1	GGTCTACGT	CATGACCT	DUR-13-0129
1	GATACC	CATGACCT	DUR302A
1	AGCGTTG	CATGACCT	DUR303A
1	CTGCAACT	CATGACCT	DUR303B
1	TCATGGTCA	CATGACCT	DUR-13-0035
1	CCGAAT	TGCAGTGAG	COR023
1	TTAGGCA	TGCAGTGAG	DUR-13-0157
1	AACTCGTC	TGCAGTGAG	DUR-13-0123
1	GGTCTACGT	TGCAGTGAG	DUR014A
1	GATACC	TGCAGTGAG	DUR104B
1	AGCGTTG	TGCAGTGAG	DUR302B
1	CTGCAACT	TGCAGTGAG	EY-PER-13/0758
1	TCATGGTCA	TGCAGTGAG	DUR113
2	CCGAAT	CTAACG	DUR-13-0164
2	TTAGGCA	CTAACG	DUR301C
2	AACTCGTC	CTAACG	DUR301A
2	GGTCTACGT	CTAACG	Sira
2	GATACC	CTAACG	DUR015A
2	AGCGTTG	CTAACG	COR013
2	CTGCAACT	CTAACG	DUR105
2	TCATGGTCA	CTAACG	COR016
2	CCGAAT	TCGGTAC	EY-PER-13/0565
2	TTAGGCA	TCGGTAC	DUR303
2	AACTCGTC	TCGGTAC	DUR302
2	GGTCTACGT	TCGGTAC	DUR106
2	GATACC	TCGGTAC	DUR013A
2	AGCGTTG	TCGGTAC	EY-PER-13/0761
2	CTGCAACT	TCGGTAC	DUR-13-0124
2	TCATGGTCA	TCGGTAC	COR057
2	CCGAAT	GATCGTTG	COR009
2	TTAGGCA	GATCGTTG	COR014
2	AACTCGTC	GATCGTTG	DUR108
2	GGTCTACGT	GATCGTTG	COR054
2	GATACC	GATCGTTG	DUR007
2	AGCGTTG	GATCGTTG	COR006
2	CTGCAACT	GATCGTTG	COR004
2	TCATGGTCA	GATCGTTG	COR056
2	CCGAAT	AGCTACACT	EY-PER-13/0545
2	TTAGGCA	AGCTACACT	COR012
2	AACTCGTC	AGCTACACT	COR019
2	GGTCTACGT	AGCTACACT	DUR106
2	GATACC	AGCTACACT	COR055
2	AGCGTTG	AGCTACACT	COR008
2	CTGCAACT	AGCTACACT	DUR012C
2	TCATGGTCA	AGCTACACT	COR020
2	CCGAAT	ACGCAT	COR017
2	TTAGGCA	ACGCAT	COR007
2	AACTCGTC	ACGCAT	COR052
2	GGTCTACGT	ACGCAT	COR002
2	GATACC	ACGCAT	EY-PER-13/0762
2	AGCGTTG	ACGCAT	DUR005
2	CTGCAACT	ACGCAT	COR003
2	TCATGGTCA	ACGCAT	EY-PER-13/0643
2	CCGAAT	GTATGCA	DUR004
2	TTAGGCA	GTATGCA	COR011
2	AACTCGTC	GTATGCA	DUR111
2	GGTCTACGT	GTATGCA	EY-PER-13/0600
2	GATACC	GTATGCA	COR025
2	AGCGTTG	GTATGCA	EY-PER-13/0601
2	CTGCAACT	GTATGCA	DUR107
2	TCATGGTCA	GTATGCA	DUR108A
2	CCGAAT	CACATGTC	EY-PER-13/0546
2	TTAGGCA	CACATGTC	DUR-13-0144
2	AACTCGTC	CACATGTC	DUR-13-0009
2	GGTCTACGT	CACATGTC	DUR-13-0078
2	GATACC	CACATGTC	EY-PER-13/0524
2	AGCGTTG	CACATGTC	DUR011A
2	CTGCAACT	CACATGTC	COR010
2	TCATGGTCA	CACATGTC	DUR-13-0071
2	CCGAAT	TGTGCACGA	DUR102A
2	TTAGGCA	TGTGCACGA	EY-PER-13/0640
2	AACTCGTC	TGTGCACGA	EY-PER-13/0525
2	GGTCTACGT	TGTGCACGA	DUR112
2	GATACC	TGTGCACGA	EY-PER-13/0598
2	AGCGTTG	TGTGCACGA	DG-13-0032_A
2	CTGCAACT	TGTGCACGA	DG-13-0002_A
2	TCATGGTCA	TGTGCACGA	COR101
2	CCGAAT	GCATCA	COR053
2	TTAGGCA	GCATCA	EY-PER-13/0267
2	AACTCGTC	GCATCA	DG-13-0001_A
2	GGTCTACGT	GCATCA	DUR-13-0136
2	GATACC	GCATCA	EY-PER-13/0292
2	AGCGTTG	GCATCA	DUR102B
2	CTGCAACT	GCATCA	DUR013A
2	TCATGGTCA	GCATCA	EY-PER-13/0614
2	CCGAAT	ATGCTGT	DUR104
2	TTAGGCA	ATGCTGT	DUR-13-0118
2	AACTCGTC	ATGCTGT	DUR-13-0160
2	GGTCTACGT	ATGCTGT	EY-PER-13/0271
2	GATACC	ATGCTGT	EY-PER-13/0274
2	AGCGTTG	ATGCTGT	DUR-13-0007
2	CTGCAACT	ATGCTGT	DUR-13-0056
2	TCATGGTCA	ATGCTGT	EY-PER-13/0138
2	CCGAAT	CATGACCT	DUR041
2	TTAGGCA	CATGACCT	DUR012C
2	AACTCGTC	CATGACCT	DUR001
2	GGTCTACGT	CATGACCT	DUR-13-0030
2	GATACC	CATGACCT	DUR003
2	AGCGTTG	CATGACCT	DUR101
2	CTGCAACT	CATGACCT	DUR103
2	TCATGGTCA	CATGACCT	DUR-13-0044
2	CCGAAT	TGCAGTGAG	DUR042
2	TTAGGCA	TGCAGTGAG	DUR102
2	AACTCGTC	TGCAGTGAG	DUR007
2	GGTCTACGT	TGCAGTGAG	DUR015B
2	GATACC	TGCAGTGAG	DUR107B
2	AGCGTTG	TGCAGTGAG	DUR043
2	CTGCAACT	TGCAGTGAG	DUR304
2	TCATGGTCA	TGCAGTGAG	DUR-NI2_B
3	CCGAAT	CTAACG	DUR107A
3	TTAGGCA	CTAACG	DUR-13-0079
3	AACTCGTC	CTAACG	DUR121
3	GGTCTACGT	CTAACG	COR051
3	GATACC	CTAACG	DUR105
3	AGCGTTG	CTAACG	DUR108B
3	CTGCAACT	CTAACG	DUR111A
3	TCATGGTCA	CTAACG	DUR112
