CCGAATG	CTAACGT	EY-PER-13/0285
TTAGGCAG	CTAACGT	EY-PER-13/0287
AACTCGTCG	CTAACGT	EY-PER-13/0022
GGTCTACGTG	CTAACGT	EY-PER-13/0004
GATACCG	CTAACGT	DUR043
AGCGTTGG	CTAACGT	EY-PER-13/0011
CTGCAACTG	CTAACGT	DUR-13-0137
TCATGGTCAG	CTAACGT	EY-PER-13/0002
CCGAATG	TCGGTACT	DUR-13-0145
TTAGGCAG	TCGGTACT	EY-PER-13/0044
AACTCGTCG	TCGGTACT	DUR041
GGTCTACGTG	TCGGTACT	DUR-13-0161
GATACCG	TCGGTACT	DUR-13-0158
AGCGTTGG	TCGGTACT	DUR-13-0039
CTGCAACTG	TCGGTACT	DUR-13-0117
TCATGGTCAG	TCGGTACT	DUR-13-0148
CCGAATG	GATCGTTGT	DUR301
TTAGGCAG	GATCGTTGT	EY-PER-13/0026
AACTCGTCG	GATCGTTGT	DUR-13-0083
GGTCTACGTG	GATCGTTGT	DUR-13-0163
GATACCG	GATCGTTGT	DUR-13-0082
AGCGTTGG	GATCGTTGT	DUR-13-0036
CTGCAACTG	GATCGTTGT	DUR-13-0166
TCATGGTCAG	GATCGTTGT	DUR014B
CCGAATG	AGCTACACTT	DUR-13-0147
TTAGGCAG	AGCTACACTT	DUR-13-0038
AACTCGTCG	AGCTACACTT	DUR-13-0134
GGTCTACGTG	AGCTACACTT	DUR-13-0149
GATACCG	AGCTACACTT	DUR-13-0037
AGCGTTGG	AGCTACACTT	DUR-13-0167
CTGCAACTG	AGCTACACTT	DG-13-0038_B
TCATGGTCAG	AGCTACACTT	DUR-13-0155
CCGAATG	ACGCATT	DUR-13-0054
TTAGGCAG	ACGCATT	DUR-13-0040
AACTCGTCG	ACGCATT	DUR-13-0133
GGTCTACGTG	ACGCATT	DUR014A
GATACCG	ACGCATT	DUR012A
AGCGTTGG	ACGCATT	DUR-13-0045
CTGCAACTG	ACGCATT	DUR-13-0080
TCATGGTCAG	ACGCATT	DUR101
CCGAATG	GTATGCAT	DUR-13-0154
TTAGGCAG	GTATGCAT	DUR-13-0008
AACTCGTCG	GTATGCAT	DUR-13-0052
GGTCTACGTG	GTATGCAT	DG-13-0032_B
GATACCG	GTATGCAT	DG-13-0048_A
AGCGTTGG	GTATGCAT	DUR-13-0132
CTGCAACTG	GTATGCAT	DG-13-0038_A
TCATGGTCAG	GTATGCAT	DG-13-0031_A
CCGAATG	CACATGTCT	DG-13-0001_D
TTAGGCAG	CACATGTCT	DUR-13-0012
AACTCGTCG	CACATGTCT	DUR-13-0010
GGTCTACGTG	CACATGTCT	DUR-13-0130
GATACCG	CACATGTCT	DUR001A
AGCGTTGG	CACATGTCT	DG-13-0001_B
CTGCAACTG	CACATGTCT	DG-13-0001_C
TCATGGTCAG	CACATGTCT	DUR104A
CCGAATG	TGTGCACGAT	EY-PER-13/0563
TTAGGCAG	TGTGCACGAT	DUR042
AACTCGTCG	TGTGCACGAT	DUR103
GGTCTACGTG	TGTGCACGAT	EY-PER-13/0133
GATACCG	TGTGCACGAT	DUR304
AGCGTTGG	TGTGCACGAT	DUR006
CTGCAACTG	TGTGCACGAT	DUR121A
TCATGGTCAG	TGTGCACGAT	EY-PER-13/0008
CCGAATG	GCATCAT	EY-PER-13/0056
TTAGGCAG	GCATCAT	EY-PER-13/0091
AACTCGTCG	GCATCAT	DUR002
GGTCTACGTG	GCATCAT	DUR-NI2_A
GATACCG	GCATCAT	EY-PER-13/0019
AGCGTTGG	GCATCAT	DUR015A
CTGCAACTG	GCATCAT	EY-PER-13/0065
TCATGGTCAG	GCATCAT	DUR-13-0043
CCGAATG	ATGCTGTT	EY-PER-13/0606
TTAGGCAG	ATGCTGTT	DUR113A
AACTCGTCG	ATGCTGTT	EY-PER-13/0005
GGTCTACGTG	ATGCTGTT	COR001
GATACCG	ATGCTGTT	DUR013B
AGCGTTGG	ATGCTGTT	DUR021
CTGCAACTG	ATGCTGTT	DUR-13-0019
TCATGGTCAG	ATGCTGTT	DUR121B
CCGAATG	CATGACCTT	DUR005
TTAGGCAG	CATGACCTT	DUR004
AACTCGTCG	CATGACCTT	COR005
GGTCTACGTG	CATGACCTT	DUR-13-0129
GATACCG	CATGACCTT	DUR302A
AGCGTTGG	CATGACCTT	DUR303A
CTGCAACTG	CATGACCTT	DUR303B
TCATGGTCAG	CATGACCTT	DUR-13-0035
CCGAATG	TGCAGTGAGT	COR023
TTAGGCAG	TGCAGTGAGT	DUR-13-0157
AACTCGTCG	TGCAGTGAGT	DUR-13-0123
GGTCTACGTG	TGCAGTGAGT	DUR014A
GATACCG	TGCAGTGAGT	DUR104B
AGCGTTGG	TGCAGTGAGT	DUR302B
CTGCAACTG	TGCAGTGAGT	EY-PER-13/0758
TCATGGTCAG	TGCAGTGAGT	DUR113
